,Agenda_issue,Belieftruth_tree,Burnt,Camp_site,Chosen_instrument,Empty,Firefighters,Prevention,Run_number,Thick_forest,Thin_forest
0,3,"[-0.30041, -0.18113, -0.5279, -0.76645, 0.16564, -0.226, -0.20167, 0.96, 0.6, -0.288]",634,774,,3560,0.1,0.002,16,2349,2395
1,3,"[-0.31164, -0.27769, -0.7641, -0.832, 0.20872, -0.255, -0.55233, 0.96, 0.6, -0.3464]",2716,745,15.0,3268,0.1,0.002,16,1125,1343
2,3,"[-0.35607, -0.37014, -0.9032, -0.87505, 0.16292, -0.305, -0.76867, 0.96, 0.96, -0.4076]",4582,695,15.0,2962,0.009999999999999995,0.002,16,414,694
3,3,"[-0.36414, -0.39609, -0.9699, -0.906, 0.17772, -0.409, -0.90633, 0.96, 0.996, -0.463]",5968,591,15.0,2685,0.0009999999999999992,0.002,16,107,281
4,3,"[-0.35282, -0.38314, -0.92285, -0.8622, 0.15656, -0.126, -0.61967, 0.96, 0.9996, -0.2768]",3954,874,15.0,3616,9.999999999999994e-05,0.002,16,134,1141
5,3,"[-0.35068, -0.3945, -0.90945, -0.8218, 0.12045, 0.16, -0.48033, 0.96, 0.99996, -0.181]",2822,1160,12.0,4095,9.999999999999986e-06,0.002,16,84,1559
6,2,"[-0.354, -0.41185, -0.91465, -0.79895, 0.09096, 0.32, -0.492, 0.944, 1.0, -0.157]",2494,1320,12.0,4215,9.99999999999999e-07,0.0028,16,61,1524
7,2,"[-0.35183, -0.40999, -0.93105, -0.81475, 0.11108, 0.222, -0.57933, 0.9296, 1.0, -0.1444]",2758,1222,12.0,4278,9.999999999999989e-08,0.00352,16,39,1262
8,2,"[-0.35591, -0.41674, -0.9526, -0.83095, 0.11913, 0.12, -0.705, 0.91664, 1.0, -0.1968]",3517,1120,12.0,4016,9.999999999999984e-09,0.004168,16,21,885
9,2,"[-0.35263, -0.40768, -0.94135, -0.83125, 0.126, 0.092, -0.708, 0.90498, 1.0, -0.1632]",3375,1092,12.0,4184,9.999999999999974e-10,0.0047512,16,99,876
10,2,"[-0.35152, -0.40617, -0.93685, -0.82755, 0.1245, 0.12, -0.668, 0.89448, 1.0, -0.1342]",3089,1120,12.0,4329,9.999999999999976e-11,0.00527608,16,89,996
11,2,"[-0.35232, -0.41172, -0.93165, -0.81285, 0.10821, 0.218, -0.63333, 0.88503, 1.0, -0.1082]",2769,1218,12.0,4459,9.999999999999978e-12,0.005748472,16,89,1100
12,2,"[-0.35187, -0.41214, -0.9362, -0.81565, 0.11191, 0.207, -0.64067, 0.87653, 1.0, -0.0968]",2742,1207,12.0,4516,9.999999999999982e-13,0.0061736248,16,66,1078
13,2,"[-0.35261, -0.41328, -0.94565, -0.8243, 0.11909, 0.157, -0.68067, 0.86887, 1.0, -0.1078]",3028,1157,12.0,4461,9.999999999999978e-14,0.006556262320000001,16,43,958
14,2,"[-0.35538, -0.42118, -0.94125, -0.80965, 0.09888, 0.246, -0.67733, 0.86199, 1.0, -0.1078]",2929,1246,12.0,4461,9.99999999999997e-15,0.0069006360880000004,16,69,968
15,2,"[-0.35516, -0.41814, -0.9414, -0.81545, 0.10512, 0.2, -0.70033, 0.85579, 1.0, -0.112]",2960,1200,12.0,4440,9.999999999999973e-16,0.0072105724792,16,91,899
16,2,"[-0.35203, -0.40698, -0.9438, -0.8339, 0.12984, 0.08, -0.70733, 0.85021, 1.0, -0.1046]",3066,1080,12.0,4477,9.999999999999965e-17,0.00748951523128,16,82,878
17,2,"[-0.34993, -0.40302, -0.94445, -0.83825, 0.1384, 0.06, -0.68467, 0.84519, 1.0, -0.0822]",2966,1060,12.0,4589,9.999999999999965e-18,0.0077405637081519995,16,55,946
18,2,"[-0.35242, -0.41019, -0.9472, -0.83165, 0.12681, 0.105, -0.7, 0.84067, 1.0, -0.0912]",3036,1105,12.0,4544,9.999999999999962e-19,0.0079665073373368,16,52,900
19,2,"[-0.35329, -0.41467, -0.9471, -0.82435, 0.11776, 0.157, -0.68933, 0.8366, 1.0, -0.0824]",2927,1157,12.0,4588,9.999999999999966e-20,0.00816985660360312,16,42,932
20,2,"[-0.35525, -0.41995, -0.942, -0.8126, 0.10211, 0.228, -0.67733, 0.83294, 1.0, -0.0816]",2787,1228,12.0,4592,9.999999999999959e-21,0.008352870943242809,16,64,968
21,2,"[-0.35608, -0.42368, -0.94225, -0.80705, 0.09489, 0.266, -0.676, 0.82965, 1.0, -0.077]",2723,1266,12.0,4615,9.999999999999956e-22,0.008517583848918528,16,61,972
22,2,"[-0.3564, -0.42372, -0.94395, -0.8093, 0.0965, 0.251, -0.68733, 0.82668, 1.0, -0.081]",2756,1251,12.0,4595,9.999999999999956e-23,0.008665825464026675,16,61,938
23,2,"[-0.35689, -0.42205, -0.94765, -0.81735, 0.10356, 0.196, -0.716, 0.82402, 1.0, -0.0972]",2969,1196,12.0,4514,9.999999999999951e-24,0.008799242917624007,16,65,852
24,2,"[-0.35664, -0.42032, -0.9494, -0.82205, 0.10876, 0.166, -0.72367, 0.82161, 1.0, -0.0996]",3025,1166,12.0,4502,9.999999999999942e-25,0.008919318625861606,16,61,829
25,2,"[-0.35672, -0.41937, -0.95115, -0.82585, 0.11241, 0.14, -0.73733, 0.81945, 1.0, -0.1048]",3129,1140,12.0,4476,9.999999999999935e-26,0.009027386763275446,16,63,788
26,2,"[-0.35588, -0.41905, -0.94885, -0.8225, 0.11074, 0.166, -0.711, 0.81751, 1.0, -0.0874]",2996,1166,12.0,4563,9.999999999999937e-27,0.009124648086947901,16,52,867
27,2,"[-0.35448, -0.41465, -0.94805, -0.8277, 0.11875, 0.13, -0.70967, 0.81576, 1.0, -0.0808]",2943,1130,12.0,4596,9.999999999999929e-28,0.00921218327825311,16,56,871
28,2,"[-0.35704, -0.42272, -0.95015, -0.8188, 0.10472, 0.194, -0.70967, 0.81418, 1.0, -0.0882]",2943,1194,12.0,4559,9.999999999999918e-29,0.0092909649504278,16,42,871
29,2,"[-0.35713, -0.42214, -0.9493, -0.8193, 0.10503, 0.19, -0.706, 0.81276, 1.0, -0.0888]",2962,1190,12.0,4556,9.999999999999911e-30,0.00936186845538502,16,44,882
30,2,"[-0.35808, -0.42501, -0.9508, -0.81695, 0.10078, 0.207, -0.712, 0.81149, 1.0, -0.0926]",2969,1207,12.0,4537,9.999999999999903e-31,0.009425681609846519,16,40,864
31,2,"[-0.35729, -0.41999, -0.95165, -0.82625, 0.11167, 0.144, -0.72067, 0.81034, 1.0, -0.0994]",3069,1144,12.0,4503,9.999999999999896e-32,0.009483113448861867,16,43,838
32,2,"[-0.35772, -0.42071, -0.94905, -0.82305, 0.10762, 0.165, -0.70433, 0.8093, 1.0, -0.0974]",3021,1165,12.0,4513,9.999999999999898e-33,0.00953480210397568,16,44,887
33,2,"[-0.35896, -0.42331, -0.9469, -0.8182, 0.10027, 0.195, -0.697, 0.80837, 1.0, -0.1018]",2988,1195,12.0,4491,9.999999999999898e-34,0.009581321893578113,16,51,909
34,2,"[-0.35722, -0.41917, -0.9472, -0.8233, 0.10887, 0.159, -0.705, 0.80754, 1.0, -0.0928]",3001,1159,12.0,4536,9.999999999999895e-35,0.009623189704220301,16,57,885
35,2,"[-0.35931, -0.42414, -0.9456, -0.81595, 0.09732, 0.208, -0.69433, 0.80678, 1.0, -0.1008]",2961,1208,12.0,4496,9.999999999999895e-36,0.00966087073379827,16,57,917
36,2,"[-0.35792, -0.42154, -0.94875, -0.8215, 0.10566, 0.174, -0.70633, 0.8061, 1.0, -0.0942]",2969,1174,12.0,4529,9.999999999999889e-37,0.009694783660418444,16,48,881
37,2,"[-0.35855, -0.42243, -0.9494, -0.82165, 0.10454, 0.174, -0.70767, 0.80549, 1.0, -0.0998]",3027,1174,12.0,4501,9.999999999999886e-38,0.0097253052943766,16,45,877
38,2,"[-0.35795, -0.4206, -0.9497, -0.8244, 0.10851, 0.158, -0.70267, 0.80494, 1.0, -0.0968]",3050,1158,12.0,4516,9.99999999999988e-39,0.009752774764938939,16,38,892
39,2,"[-0.35787, -0.42239, -0.9492, -0.82015, 0.10441, 0.182, -0.71233, 0.80445, 1.0, -0.0902]",3025,1182,12.0,4549,9.999999999999877e-40,0.009777497288445045,16,51,863
40,2,"[-0.35846, -0.42471, -0.9461, -0.8136, 0.09668, 0.227, -0.68767, 0.80401, 1.0, -0.0842]",2875,1227,12.0,4579,9.999999999999877e-41,0.00979974755960054,16,47,937
41,2,"[-0.35884, -0.42573, -0.94595, -0.81215, 0.09448, 0.236, -0.68867, 0.8036, 1.0, -0.0854]",2825,1236,12.0,4573,9.999999999999879e-42,0.009819772803640487,16,49,934
42,2,"[-0.35721, -0.42151, -0.94835, -0.81975, 0.10533, 0.182, -0.71467, 0.80324, 1.0, -0.0828]",2916,1182,12.0,4586,9.999999999999871e-43,0.009837795523276438,16,59,856
43,2,"[-0.35742, -0.42152, -0.94785, -0.81965, 0.10482, 0.183, -0.71033, 0.80292, 1.0, -0.0842]",2916,1183,12.0,4579,9.999999999999871e-44,0.009854015970948794,16,58,869
44,2,"[-0.35701, -0.41756, -0.9481, -0.827, 0.11297, 0.133, -0.715, 0.80263, 1.0, -0.0926]",3032,1133,12.0,4537,9.999999999999871e-45,0.009868614373853914,16,61,855
45,2,"[-0.35947, -0.42297, -0.948, -0.821, 0.10207, 0.172, -0.71733, 0.80236, 1.0, -0.1072]",3061,1172,12.0,4464,9.999999999999874e-46,0.009881752936468523,16,64,848
46,2,"[-0.3591, -0.42257, -0.9487, -0.82175, 0.10355, 0.171, -0.71, 0.80213, 1.0, -0.103]",3023,1171,12.0,4485,9.999999999999874e-47,0.009893577642821672,16,52,870
47,2,"[-0.36022, -0.42441, -0.94765, -0.81925, 0.09882, 0.187, -0.705, 0.80192, 1.0, -0.11]",3017,1187,12.0,4450,9.999999999999866e-48,0.009904219878539504,16,54,885
48,2,"[-0.3582, -0.41975, -0.9482, -0.8251, 0.1087, 0.151, -0.69967, 0.80172, 1.0, -0.0982]",3012,1151,12.0,4509,9.999999999999866e-49,0.009913797890685553,16,45,901
49,2,"[-0.35858, -0.41828, -0.9471, -0.8277, 0.11055, 0.132, -0.69733, 0.80155, 1.0, -0.1068]",3069,1132,12.0,4466,9.999999999999857e-50,0.009922418101616998,16,50,908
50,2,"[-0.35777, -0.4157, -0.95055, -0.8347, 0.11916, 0.09, -0.70633, 0.8014, 1.0, -0.1084]",3110,1090,12.0,4458,9.999999999999849e-51,0.009930176291455298,16,36,881
51,2,"[-0.35945, -0.4202, -0.9482, -0.8267, 0.10781, 0.14, -0.70067, 0.80126, 1.0, -0.113]",3129,1140,12.0,4435,9.999999999999852e-52,0.009937158662309768,16,46,898
52,2,"[-0.35833, -0.41837, -0.9445, -0.8244, 0.10775, 0.152, -0.686, 0.80113, 1.0, -0.0992]",3003,1152,12.0,4504,9.999999999999852e-53,0.00994344279607879,16,56,942
53,2,"[-0.35906, -0.42281, -0.94715, -0.81965, 0.10152, 0.188, -0.69067, 0.80102, 1.0, -0.0968]",2962,1188,12.0,4516,9.999999999999855e-54,0.009949098516470911,16,43,928
54,2,"[-0.35807, -0.42129, -0.94645, -0.82, 0.10386, 0.182, -0.697, 0.80092, 1.0, -0.0888]",2942,1182,12.0,4556,9.999999999999855e-55,0.00995418866482382,16,54,909
55,2,"[-0.35647, -0.41729, -0.9475, -0.82585, 0.11292, 0.143, -0.704, 0.80082, 1.0, -0.0824]",2972,1143,12.0,4588,9.99999999999985e-56,0.009958769798341437,16,54,888
56,2,"[-0.35563, -0.41512, -0.9482, -0.8292, 0.11795, 0.124, -0.69867, 0.80074, 1.0, -0.0782]",2971,1124,12.0,4609,9.999999999999853e-57,0.009962892818507294,16,44,904
57,2,"[-0.35766, -0.42334, -0.9464, -0.81505, 0.09973, 0.218, -0.68767, 0.80067, 1.0, -0.075]",2855,1218,12.0,4625,9.999999999999851e-58,0.009966603536656564,16,45,937
58,2,"[-0.35823, -0.42655, -0.9457, -0.80905, 0.0926, 0.252, -0.701, 0.8006, 1.0, -0.073]",2779,1252,12.0,4635,9.999999999999848e-59,0.009969943182990907,16,63,897
59,2,"[-0.35929, -0.42887, -0.94505, -0.8059, 0.08731, 0.271, -0.70267, 0.80054, 1.0, -0.0792]",2785,1271,12.0,4604,9.99999999999984e-60,0.009972948864691817,16,69,892
60,2,"[-0.35737, -0.4212, -0.9473, -0.81965, 0.1049, 0.18, -0.71567, 0.80049, 1.0, -0.0826]",2927,1180,12.0,4587,9.999999999999837e-61,0.009975653978222636,16,67,853
61,2,"[-0.35712, -0.42027, -0.95235, -0.82605, 0.11181, 0.142, -0.73533, 0.80044, 1.0, -0.0888]",3065,1142,12.0,4556,9.999999999999831e-62,0.009978088580400373,16,53,794
62,2,"[-0.35702, -0.42009, -0.9507, -0.82455, 0.11052, 0.151, -0.72733, 0.80039, 1.0, -0.0856]",3028,1151,12.0,4572,9.999999999999828e-63,0.009980279722360336,16,56,818
63,2,"[-0.35784, -0.42234, -0.9498, -0.8208, 0.10511, 0.18, -0.70933, 0.80035, 1.0, -0.086]",3014,1180,12.0,4570,9.999999999999821e-64,0.009982251750124302,16,44,872
64,2,"[-0.35927, -0.42569, -0.94565, -0.8128, 0.09426, 0.229, -0.69467, 0.80032, 1.0, -0.0886]",2874,1229,12.0,4557,9.999999999999816e-65,0.009984026575111871,16,57,916
65,2,"[-0.35898, -0.42473, -0.9486, -0.8171, 0.09914, 0.206, -0.69733, 0.80029, 1.0, -0.0906]",2903,1206,12.0,4547,9.999999999999816e-66,0.009985623917600684,16,40,908
66,2,"[-0.35779, -0.41843, -0.951, -0.8297, 0.11413, 0.124, -0.70733, 0.80026, 1.0, -0.0988]",3046,1124,12.0,4506,9.999999999999818e-67,0.009987061525840616,16,34,878
67,2,"[-0.35873, -0.42333, -0.95075, -0.82155, 0.10409, 0.175, -0.71567, 0.80023, 1.0, -0.096]",3041,1175,12.0,4520,9.99999999999981e-68,0.009988355373256555,16,44,853
68,2,"[-0.35844, -0.42151, -0.9515, -0.82535, 0.10848, 0.148, -0.72567, 0.80021, 1.0, -0.1]",3124,1148,12.0,4500,9.999999999999813e-69,0.0099895198359309,16,49,823
69,2,"[-0.35938, -0.4236, -0.9466, -0.81815, 0.0994, 0.194, -0.699, 0.80019, 1.0, -0.0982]",2977,1194,12.0,4509,9.999999999999809e-70,0.00999056785233781,16,55,903
70,2,"[-0.35671, -0.41585, -0.9459, -0.8276, 0.11419, 0.131, -0.69433, 0.80017, 1.0, -0.0872]",2957,1131,12.0,4564,9.999999999999812e-71,0.009991511067104029,16,55,917
71,2,"[-0.3576, -0.41751, -0.9468, -0.827, 0.11179, 0.139, -0.68833, 0.80015, 1.0, -0.0936]",2961,1139,12.0,4532,9.999999999999802e-72,0.009992359960393625,16,43,935
72,2,"[-0.36041, -0.42666, -0.9454, -0.8129, 0.09207, 0.229, -0.691, 0.80014, 1.0, -0.0998]",2911,1229,12.0,4501,9.999999999999796e-73,0.009993123964354263,16,55,927
73,2,"[-0.36272, -0.43307, -0.94795, -0.80725, 0.08182, 0.267, -0.707, 0.80012, 1.0, -0.1132]",3014,1267,12.0,4434,9.999999999999791e-74,0.009993811567918837,16,54,879
74,2,"[-0.36063, -0.4261, -0.94675, -0.8158, 0.09454, 0.208, -0.705, 0.80011, 1.0, -0.1074]",3003,1208,12.0,4463,9.999999999999782e-75,0.009994430411126954,16,60,885
75,2,"[-0.35885, -0.41925, -0.94585, -0.82505, 0.10734, 0.149, -0.691, 0.8001, 1.0, -0.104]",3030,1149,12.0,4480,9.999999999999774e-76,0.009994987370014259,16,52,927
76,2,"[-0.35712, -0.416, -0.94845, -0.8307, 0.11646, 0.112, -0.70633, 0.80009, 1.0, -0.0958]",3081,1112,12.0,4521,9.999999999999774e-77,0.009995488633012833,16,50,881
77,2,"[-0.35774, -0.41814, -0.9455, -0.8247, 0.10922, 0.149, -0.69567, 0.80008, 1.0, -0.0932]",2989,1149,12.0,4534,9.999999999999777e-78,0.00999593976971155,16,59,913
78,2,"[-0.35745, -0.4186, -0.94785, -0.82555, 0.11065, 0.144, -0.70933, 0.80007, 1.0, -0.0914]",3014,1144,12.0,4543,9.999999999999781e-79,0.009996345792740394,16,57,872
79,2,"[-0.35959, -0.42542, -0.9462, -0.81455, 0.09537, 0.218, -0.69633, 0.80007, 1.0, -0.0942]",2927,1218,12.0,4529,9.999999999999778e-80,0.009996711213466354,16,55,911
80,2,"[-0.35933, -0.42373, -0.9416, -0.8128, 0.09413, 0.224, -0.68267, 0.80006, 1.0, -0.091]",2853,1224,12.0,4545,9.99999999999977e-81,0.009997040092119719,16,72,952
81,2,"[-0.36111, -0.42816, -0.94325, -0.80915, 0.08693, 0.252, -0.68267, 0.80005, 1.0, -0.1012]",2876,1252,12.0,4494,9.999999999999766e-82,0.009997336082907747,16,61,952
82,2,"[-0.36166, -0.42888, -0.94245, -0.808, 0.08469, 0.257, -0.68533, 0.80005, 1.0, -0.1058]",2899,1257,12.0,4471,9.999999999999766e-83,0.009997602474616972,16,69,944
83,2,"[-0.35946, -0.42103, -0.9438, -0.82065, 0.10173, 0.174, -0.69033, 0.80004, 1.0, -0.1044]",2930,1174,12.0,4478,9.999999999999763e-84,0.009997842227155275,16,65,929
84,2,"[-0.35922, -0.41832, -0.94565, -0.82745, 0.10901, 0.128, -0.70467, 0.80004, 1.0, -0.1136]",3056,1128,12.0,4432,9.999999999999763e-85,0.009998058004439748,16,67,886
85,2,"[-0.35925, -0.41878, -0.94605, -0.827, 0.10849, 0.134, -0.69833, 0.80003, 1.0, -0.112]",3061,1134,12.0,4440,9.999999999999763e-86,0.009998252203995773,16,58,905
86,2,"[-0.36026, -0.42184, -0.9472, -0.82405, 0.10353, 0.155, -0.702, 0.80003, 1.0, -0.1166]",3069,1155,12.0,4417,9.99999999999976e-87,0.009998426983596195,16,54,894
87,2,"[-0.35965, -0.41843, -0.94635, -0.8288, 0.10949, 0.122, -0.70033, 0.80003, 1.0, -0.119]",3121,1122,12.0,4405,9.999999999999749e-88,0.009998584285236575,16,58,899
88,2,"[-0.35728, -0.41356, -0.9462, -0.83365, 0.11909, 0.092, -0.69233, 0.80003, 1.0, -0.1024]",3078,1092,12.0,4488,9.999999999999747e-89,0.009998725856712918,16,51,923
89,2,"[-0.35765, -0.41623, -0.94585, -0.8287, 0.1134, 0.12, -0.705, 0.80002, 1.0, -0.0998]",3058,1120,12.0,4501,9.999999999999744e-90,0.009998853271041625,16,66,885
90,2,"[-0.3587, -0.42088, -0.9462, -0.82185, 0.10444, 0.167, -0.70333, 0.80002, 1.0, -0.0984]",3056,1167,12.0,4508,9.99999999999974e-91,0.009998967943937462,16,62,890
91,2,"[-0.35889, -0.42059, -0.9433, -0.8199, 0.10212, 0.181, -0.681, 0.80002, 1.0, -0.0966]",2950,1181,12.0,4517,9.999999999999743e-92,0.009999071149543716,16,59,957
92,2,"[-0.35836, -0.42053, -0.94075, -0.8164, 0.09968, 0.201, -0.674, 0.80002, 1.0, -0.0868]",2822,1201,12.0,4566,9.999999999999743e-93,0.009999164034589345,16,69,978
93,2,"[-0.35764, -0.41567, -0.9431, -0.82705, 0.11176, 0.131, -0.68667, 0.80002, 1.0, -0.097]",2927,1131,12.0,4515,9.99999999999974e-94,0.009999247631130411,16,66,940
94,2,"[-0.35871, -0.41976, -0.9444, -0.8223, 0.10488, 0.165, -0.68833, 0.80001, 1.0, -0.0988]",2952,1165,12.0,4506,9.999999999999741e-95,0.00999932286801737,16,59,935
95,2,"[-0.35942, -0.42155, -0.94545, -0.8212, 0.10236, 0.172, -0.69633, 0.80001, 1.0, -0.1042]",3006,1172,12.0,4479,9.999999999999739e-96,0.009999390581215633,16,60,911
96,2,"[-0.35973, -0.42343, -0.9465, -0.8191, 0.09964, 0.188, -0.69733, 0.80001, 1.0, -0.103]",3014,1188,12.0,4485,9.999999999999729e-97,0.00999945152309407,16,54,908
97,2,"[-0.35736, -0.41531, -0.94465, -0.82875, 0.11404, 0.126, -0.678, 0.80001, 1.0, -0.0944]",2952,1126,12.0,4528,9.999999999999729e-98,0.009999506370784662,16,47,966
98,2,"[-0.35952, -0.4217, -0.9454, -0.82105, 0.102, 0.176, -0.687, 0.80001, 1.0, -0.1038]",2987,1176,12.0,4481,9.999999999999731e-99,0.009999555733706195,16,51,939
99,2,"[-0.3613, -0.42878, -0.94415, -0.8092, 0.0866, 0.251, -0.69067, 0.80001, 1.0, -0.1034]",2913,1251,12.0,4483,9.999999999999728e-100,0.009999600160335576,16,63,928
100,2,"[-0.36095, -0.4256, -0.9424, -0.8131, 0.0912, 0.224, -0.682, 0.80001, 1.0, -0.1068]",2902,1224,12.0,4466,9.999999999999726e-101,0.009999640144302019,16,66,954
101,2,"[-0.3583, -0.4186, -0.94595, -0.82535, 0.10876, 0.147, -0.69167, 0.80001, 1.0, -0.0988]",2959,1147,12.0,4506,9.999999999999726e-102,0.009999676129871817,16,52,925
102,2,"[-0.35784, -0.41897, -0.9461, -0.82385, 0.10816, 0.157, -0.69267, 0.80001, 1.0, -0.0918]",2946,1157,12.0,4541,9.99999999999972e-103,0.009999708516884635,16,52,922
103,2,"[-0.36047, -0.4267, -0.9442, -0.81175, 0.0908, 0.235, -0.688, 0.80001, 1.0, -0.099]",2922,1235,12.0,4505,9.999999999999716e-104,0.009999737665196172,16,60,936
104,2,"[-0.35845, -0.41924, -0.94505, -0.82345, 0.10656, 0.155, -0.69967, 0.8, 1.0, -0.099]",2972,1155,12.0,4505,9.999999999999716e-105,0.009999763898676555,16,66,901
105,2,"[-0.36067, -0.42654, -0.9436, -0.81185, 0.09052, 0.232, -0.691, 0.8, 1.0, -0.102]",2923,1232,12.0,4490,9.999999999999719e-106,0.009999787508808899,16,67,927
106,2,"[-0.36003, -0.42523, -0.9457, -0.8153, 0.09524, 0.213, -0.693, 0.8, 1.0, -0.0998]",2938,1213,12.0,4501,9.999999999999715e-107,0.00999980875792801,16,55,921
107,2,"[-0.35903, -0.42314, -0.94555, -0.81735, 0.09928, 0.2, -0.69, 0.8, 1.0, -0.093]",2917,1200,12.0,4535,9.999999999999713e-108,0.009999827882135208,16,53,930
108,2,"[-0.35808, -0.42163, -0.94875, -0.82165, 0.10548, 0.172, -0.70933, 0.8, 1.0, -0.0904]",2975,1172,12.0,4548,9.999999999999704e-109,0.009999845093921687,16,51,872
109,2,"[-0.36063, -0.42871, -0.94665, -0.8105, 0.08924, 0.245, -0.69933, 0.8, 1.0, -0.0978]",2925,1245,12.0,4511,9.9999999999997e-110,0.009999860584529518,16,55,902
110,2,"[-0.36064, -0.42779, -0.94525, -0.81095, 0.08968, 0.242, -0.69, 0.8, 1.0, -0.0986]",2889,1242,12.0,4507,9.999999999999702e-111,0.009999874526076567,16,55,930
111,2,"[-0.35976, -0.42348, -0.9462, -0.81875, 0.09924, 0.192, -0.69033, 0.8, 1.0, -0.102]",2927,1192,12.0,4490,9.999999999999696e-112,0.00999988707346891,16,49,929
112,2,"[-0.36069, -0.42426, -0.945, -0.81785, 0.09648, 0.196, -0.68833, 0.8, 1.0, -0.1106]",2974,1196,12.0,4447,9.999999999999693e-113,0.00999989836612202,16,55,935
113,2,"[-0.3609, -0.42255, -0.9481, -0.8248, 0.103, 0.152, -0.702, 0.8, 1.0, -0.1234]",3140,1152,12.0,4383,9.999999999999693e-114,0.009999908529509818,16,48,894
114,2,"[-0.36101, -0.42323, -0.9487, -0.82425, 0.10224, 0.157, -0.702, 0.8, 1.0, -0.123]",3160,1157,12.0,4385,9.999999999999687e-115,0.009999917676558836,16,44,894
115,2,"[-0.36141, -0.42698, -0.94805, -0.8169, 0.09408, 0.205, -0.70067, 0.8, 1.0, -0.1152]",3060,1205,12.0,4424,9.999999999999676e-116,0.009999925908902953,16,47,898
116,2,"[-0.36313, -0.43353, -0.9483, -0.8075, 0.08124, 0.266, -0.70733, 0.8, 1.0, -0.1174]",3029,1266,12.0,4413,9.999999999999676e-117,0.009999933318012657,16,52,878
117,2,"[-0.36105, -0.42773, -0.94825, -0.8149, 0.0928, 0.218, -0.703, 0.8, 1.0, -0.1084]",2991,1218,12.0,4458,9.999999999999667e-118,0.009999939986211391,16,48,891
118,2,"[-0.36, -0.42507, -0.94875, -0.8186, 0.0986, 0.196, -0.69833, 0.8, 1.0, -0.103]",2990,1196,12.0,4485,9.999999999999667e-119,0.009999945987590252,16,40,905
119,2,"[-0.35945, -0.4208, -0.95065, -0.82795, 0.10904, 0.135, -0.707, 0.8, 1.0, -0.1126]",3132,1135,12.0,4437,9.999999999999663e-120,0.009999951388831228,16,36,879
120,2,"[-0.35877, -0.4214, -0.9508, -0.82555, 0.108, 0.147, -0.72, 0.8, 1.0, -0.1034]",3101,1147,12.0,4483,9.999999999999658e-121,0.009999956249948105,16,48,840
121,2,"[-0.35868, -0.41988, -0.94845, -0.82605, 0.10868, 0.146, -0.69733, 0.8, 1.0, -0.1024]",3041,1146,12.0,4488,9.999999999999647e-122,0.009999960624953294,16,41,908
122,2,"[-0.35846, -0.42156, -0.9488, -0.8226, 0.10568, 0.164, -0.71467, 0.8, 1.0, -0.0964]",3067,1164,12.0,4518,9.999999999999647e-123,0.009999964562457966,16,56,856
123,2,"[-0.35777, -0.42284, -0.94765, -0.8175, 0.10196, 0.2, -0.701, 0.8, 1.0, -0.0802]",2910,1200,12.0,4599,9.999999999999645e-124,0.009999968106212169,16,50,897
124,2,"[-0.3618, -0.434, -0.94625, -0.80185, 0.07824, 0.304, -0.69267, 0.8, 1.0, -0.0946]",2873,1304,12.0,4527,9.999999999999645e-125,0.009999971295590953,16,51,922
125,2,"[-0.35977, -0.42394, -0.9458, -0.81745, 0.09792, 0.201, -0.68667, 0.8, 1.0, -0.0998]",2932,1201,12.0,4501,9.999999999999645e-126,0.009999974166031857,16,48,940
126,2,"[-0.35854, -0.42102, -0.94655, -0.8216, 0.10452, 0.173, -0.69267, 0.8, 1.0, -0.0946]",2924,1173,12.0,4527,9.999999999999642e-127,0.00999997674942867,16,49,922
127,2,"[-0.35834, -0.41981, -0.9497, -0.82675, 0.11008, 0.138, -0.71567, 0.8, 1.0, -0.1014]",3083,1138,12.0,4493,9.999999999999635e-128,0.009999979074485804,16,51,853
128,2,"[-0.35781, -0.41588, -0.94685, -0.8307, 0.11508, 0.107, -0.71067, 0.8, 1.0, -0.1046]",3133,1107,12.0,4477,9.999999999999635e-129,0.009999981167037224,16,65,868
129,2,"[-0.36018, -0.42521, -0.94405, -0.814, 0.09364, 0.22, -0.687, 0.8, 1.0, -0.0998]",2958,1220,12.0,4501,9.999999999999628e-130,0.009999983050333502,16,60,939
130,2,"[-0.35864, -0.42104, -0.94215, -0.81735, 0.10008, 0.197, -0.67633, 0.8, 1.0, -0.0902]",2872,1197,12.0,4549,9.999999999999624e-131,0.009999984745300151,16,62,971
131,2,"[-0.35623, -0.41705, -0.94295, -0.8213, 0.10884, 0.17, -0.68367, 0.8, 1.0, -0.073]",2834,1170,12.0,4635,9.999999999999624e-132,0.009999986270770136,16,64,949
132,2,"[-0.35397, -0.40965, -0.9435, -0.83215, 0.1242, 0.098, -0.68633, 0.8, 1.0, -0.0684]",2866,1098,12.0,4658,9.999999999999624e-133,0.009999987643693123,16,63,941
133,2,"[-0.35433, -0.40938, -0.9464, -0.8363, 0.12764, 0.074, -0.69467, 0.8, 1.0, -0.0774]",2976,1074,12.0,4613,9.999999999999621e-134,0.009999988879323811,16,52,916
134,2,"[-0.35766, -0.41756, -0.944, -0.8242, 0.10888, 0.154, -0.68067, 0.8, 1.0, -0.0908]",2929,1154,12.0,4546,9.999999999999625e-135,0.00999998999139143,16,54,958
135,2,"[-0.35802, -0.41912, -0.9436, -0.8214, 0.10536, 0.17, -0.686, 0.8, 1.0, -0.0908]",2884,1170,12.0,4546,9.999999999999628e-136,0.009999990992252288,16,62,942
136,2,"[-0.35779, -0.42036, -0.9476, -0.82245, 0.10688, 0.164, -0.70967, 0.8, 1.0, -0.0898]",2967,1164,12.0,4551,9.999999999999628e-137,0.009999991893027058,16,59,871
137,2,"[-0.35859, -0.42264, -0.94935, -0.82125, 0.10408, 0.174, -0.71533, 0.8, 1.0, -0.095]",3028,1174,12.0,4525,9.999999999999624e-138,0.009999992703724352,16,53,854
138,2,"[-0.35977, -0.4248, -0.9504, -0.82035, 0.1008, 0.183, -0.71333, 0.8, 1.0, -0.1042]",3082,1183,12.0,4479,9.999999999999626e-139,0.009999993433351917,16,44,860
139,2,"[-0.35902, -0.4223, -0.9492, -0.82265, 0.1046, 0.167, -0.70733, 0.8, 1.0, -0.1008]",3050,1167,12.0,4496,9.99999999999963e-140,0.009999994090016725,16,46,878
140,2,"[-0.36039, -0.42471, -0.94555, -0.8169, 0.09612, 0.206, -0.681, 0.8, 1.0, -0.1046]",2982,1206,12.0,4477,9.999999999999629e-141,0.009999994681015052,16,44,957
141,2,"[-0.36335, -0.43392, -0.944, -0.80285, 0.07616, 0.299, -0.67267, 0.8, 1.0, -0.111]",2901,1299,12.0,4445,9.999999999999625e-142,0.009999995212913546,16,46,982
142,2,"[-0.36434, -0.43532, -0.94415, -0.8022, 0.07352, 0.298, -0.68967, 0.8, 1.0, -0.122]",2928,1298,12.0,4390,9.999999999999622e-143,0.009999995691622191,16,62,931
143,2,"[-0.36062, -0.42452, -0.9512, -0.8234, 0.10216, 0.163, -0.71767, 0.8, 1.0, -0.1176]",3117,1163,12.0,4412,9.999999999999622e-144,0.009999996122459972,16,43,847
144,2,"[-0.35901, -0.41894, -0.94735, -0.8275, 0.10948, 0.133, -0.7, 0.8, 1.0, -0.1094]",3099,1133,12.0,4453,9.999999999999624e-145,0.009999996510213974,16,51,900
145,2,"[-0.3609, -0.4234, -0.9444, -0.8194, 0.0976, 0.181, -0.69833, 0.8, 1.0, -0.1172]",3042,1181,12.0,4414,9.999999999999624e-146,0.009999996859192577,16,69,905
146,2,"[-0.36143, -0.42338, -0.945, -0.8211, 0.09824, 0.174, -0.68933, 0.8, 1.0, -0.1236]",3089,1174,12.0,4382,9.999999999999617e-147,0.00999999717327332,16,56,932
147,2,"[-0.35801, -0.41675, -0.94475, -0.82725, 0.11124, 0.133, -0.68767, 0.8, 1.0, -0.0996]",3002,1133,12.0,4502,9.999999999999619e-148,0.009999997455945988,16,56,937
148,2,"[-0.35928, -0.42161, -0.94545, -0.8208, 0.10224, 0.18, -0.68033, 0.8, 1.0, -0.1]",2951,1180,12.0,4500,9.999999999999619e-149,0.009999997710351389,16,44,959
149,2,"[-0.35859, -0.42204, -0.9466, -0.8197, 0.10252, 0.183, -0.701, 0.8, 1.0, -0.093]",2942,1183,12.0,4535,9.999999999999616e-150,0.00999999793931625,16,57,897
150,2,"[-0.35733, -0.41768, -0.9484, -0.8277, 0.11304, 0.133, -0.703, 0.8, 1.0, -0.0924]",2987,1133,12.0,4538,9.999999999999613e-151,0.009999998145384624,16,47,891
151,2,"[-0.35797, -0.4205, -0.9478, -0.82275, 0.1068, 0.163, -0.708, 0.8, 1.0, -0.0918]",2988,1163,12.0,4541,9.999999999999616e-152,0.009999998330846162,16,56,876
152,2,"[-0.35959, -0.42486, -0.9482, -0.81765, 0.09848, 0.195, -0.71667, 0.8, 1.0, -0.1002]",3030,1195,12.0,4499,9.999999999999613e-153,0.009999998497761547,16,62,850
153,2,"[-0.35921, -0.42346, -0.95005, -0.82155, 0.10312, 0.172, -0.72, 0.8, 1.0, -0.1018]",3079,1172,12.0,4491,9.999999999999615e-154,0.009999998647985392,16,53,840
154,2,"[-0.35874, -0.42307, -0.94685, -0.8182, 0.10072, 0.194, -0.69967, 0.8, 1.0, -0.0916]",2973,1194,12.0,4542,9.999999999999612e-155,0.009999998783186853,16,54,901
155,2,"[-0.35907, -0.42474, -0.9464, -0.81505, 0.09692, 0.216, -0.69367, 0.8, 1.0, -0.0892]",2894,1216,12.0,4554,9.999999999999609e-156,0.009999998904868168,16,51,919
156,2,"[-0.35827, -0.42004, -0.9464, -0.82285, 0.10632, 0.164, -0.69367, 0.8, 1.0, -0.0942]",2963,1164,12.0,4529,9.999999999999611e-157,0.009999999014381351,16,51,919
157,2,"[-0.35773, -0.41895, -0.94595, -0.8235, 0.10804, 0.158, -0.69567, 0.8, 1.0, -0.0906]",2964,1158,12.0,4547,9.999999999999603e-158,0.009999999112943216,16,56,913
158,2,"[-0.36027, -0.42612, -0.9438, -0.8121, 0.09156, 0.232, -0.68733, 0.8, 1.0, -0.0978]",2914,1232,12.0,4511,9.999999999999606e-159,0.009999999201648894,16,62,938
159,2,"[-0.36128, -0.42821, -0.94645, -0.8126, 0.09004, 0.23, -0.701, 0.8, 1.0, -0.1082]",2986,1230,12.0,4459,9.999999999999604e-160,0.009999999281484005,16,58,897
160,2,"[-0.35964, -0.42477, -0.9459, -0.81565, 0.09636, 0.21, -0.69633, 0.8, 1.0, -0.0968]",2929,1210,12.0,4516,9.999999999999602e-161,0.009999999353335605,16,57,911
161,2,"[-0.35889, -0.42302, -0.9476, -0.81935, 0.10156, 0.186, -0.70567, 0.8, 1.0, -0.0952]",2991,1186,12.0,4524,9.999999999999596e-162,0.009999999418002043,16,55,883
162,2,"[-0.35963, -0.42573, -0.95045, -0.81825, 0.099, 0.194, -0.72267, 0.8, 1.0, -0.1004]",3042,1194,12.0,4498,9.999999999999584e-163,0.009999999476201839,16,53,832
163,2,"[-0.35953, -0.42535, -0.9483, -0.81665, 0.0976, 0.206, -0.70433, 0.8, 1.0, -0.0962]",2988,1206,12.0,4519,9.999999999999581e-164,0.009999999528581655,16,49,887
164,2,"[-0.36128, -0.43043, -0.94605, -0.80775, 0.0852, 0.264, -0.69333, 0.8, 1.0, -0.0994]",2911,1264,12.0,4503,9.999999999999581e-165,0.009999999575723489,16,53,920
165,2,"[-0.36211, -0.43142, -0.94555, -0.80695, 0.08272, 0.269, -0.691, 0.8, 1.0, -0.1066]",2894,1269,12.0,4467,9.999999999999574e-166,0.00999999961815114,16,54,927
166,2,"[-0.35934, -0.42349, -0.9489, -0.8206, 0.10192, 0.18, -0.70733, 0.8, 1.0, -0.1008]",2991,1180,12.0,4496,9.999999999999571e-167,0.009999999656336026,16,48,878
167,2,"[-0.35874, -0.41853, -0.94995, -0.83035, 0.11288, 0.113, -0.72033, 0.8, 1.0, -0.1118]",3142,1113,12.0,4441,9.999999999999565e-168,0.009999999690702423,16,54,839
168,2,"[-0.35962, -0.42142, -0.94885, -0.82525, 0.106, 0.146, -0.716, 0.8, 1.0, -0.1126]",3120,1146,12.0,4437,9.999999999999565e-169,0.00999999972163218,16,57,852
169,2,"[-0.35964, -0.41997, -0.9493, -0.82865, 0.10936, 0.125, -0.714, 0.8, 1.0, -0.1178]",3139,1125,12.0,4411,9.99999999999956e-170,0.009999999749468962,16,52,858
170,2,"[-0.36083, -0.42388, -0.9472, -0.8211, 0.09944, 0.18, -0.686, 0.8, 1.0, -0.1152]",3029,1180,12.0,4424,9.99999999999956e-171,0.009999999774522065,16,38,942
171,2,"[-0.35915, -0.4208, -0.94755, -0.82425, 0.10596, 0.157, -0.69433, 0.8, 1.0, -0.1044]",3006,1157,12.0,4478,9.999999999999549e-172,0.009999999797069859,16,44,917
172,2,"[-0.36015, -0.42158, -0.94715, -0.8243, 0.104, 0.154, -0.69967, 0.8, 1.0, -0.1156]",3081,1154,12.0,4422,9.99999999999955e-173,0.009999999817362873,16,52,901
173,2,"[-0.35962, -0.41982, -0.94795, -0.82755, 0.10832, 0.135, -0.697, 0.8, 1.0, -0.1146]",3097,1135,12.0,4427,9.99999999999954e-174,0.009999999835626586,16,44,909
174,2,"[-0.36072, -0.42672, -0.9492, -0.8172, 0.09576, 0.203, -0.70833, 0.8, 1.0, -0.1088]",3068,1203,12.0,4456,9.999999999999544e-175,0.009999999852063927,16,47,875
175,2,"[-0.36222, -0.43365, -0.94805, -0.8052, 0.08076, 0.282, -0.70367, 0.8, 1.0, -0.1042]",2950,1282,12.0,4479,9.99999999999954e-176,0.009999999866857534,16,50,889
176,2,"[-0.35855, -0.42132, -0.9496, -0.82405, 0.10696, 0.159, -0.706, 0.8, 1.0, -0.0978]",2979,1159,12.0,4511,9.999999999999537e-177,0.009999999880171782,16,42,882
177,2,"[-0.35905, -0.42142, -0.949, -0.82425, 0.10616, 0.155, -0.71, 0.8, 1.0, -0.1042]",3064,1155,12.0,4479,9.999999999999537e-178,0.009999999892154603,16,50,870
178,2,"[-0.35993, -0.42483, -0.9511, -0.8213, 0.10144, 0.178, -0.714, 0.8, 1.0, -0.1068]",3071,1178,12.0,4466,9.999999999999539e-179,0.009999999902939143,16,40,858
179,2,"[-0.35901, -0.42018, -0.9512, -0.82885, 0.11084, 0.13, -0.70767, 0.8, 1.0, -0.1092]",3118,1130,12.0,4454,9.999999999999531e-180,0.00999999991264523,16,33,877
180,2,"[-0.3605, -0.42545, -0.9483, -0.8184, 0.0974, 0.198, -0.69333, 0.8, 1.0, -0.1074]",3038,1198,12.0,4463,9.99999999999952e-181,0.009999999921380707,16,38,920
181,2,"[-0.36024, -0.4249, -0.94575, -0.81645, 0.09596, 0.21, -0.67933, 0.8, 1.0, -0.102]",2974,1210,12.0,4490,9.999999999999523e-182,0.009999999929242637,16,41,962
182,2,"[-0.36216, -0.43023, -0.94495, -0.8088, 0.08448, 0.256, -0.689, 0.8, 1.0, -0.1104]",2938,1256,12.0,4448,9.999999999999526e-183,0.009999999936318373,16,56,933
183,2,"[-0.36331, -0.43346, -0.94185, -0.80155, 0.07492, 0.302, -0.67533, 0.8, 1.0, -0.1108]",2854,1302,12.0,4446,9.999999999999526e-184,0.009999999942686535,16,63,974
184,2,"[-0.3615, -0.42595, -0.94425, -0.81535, 0.09236, 0.209, -0.69433, 0.8, 1.0, -0.116]",2967,1209,12.0,4420,9.999999999999528e-185,0.009999999948417881,16,66,917
185,2,"[-0.35945, -0.4199, -0.94875, -0.82785, 0.10896, 0.129, -0.71433, 0.8, 1.0, -0.115]",3139,1129,12.0,4425,9.99999999999952e-186,0.009999999953576094,16,56,857
186,2,"[-0.36128, -0.42688, -0.94875, -0.81755, 0.095, 0.195, -0.72233, 0.8, 1.0, -0.1172]",3122,1195,12.0,4414,9.999999999999513e-187,0.009999999958218484,16,64,833
187,2,"[-0.35814, -0.41644, -0.9508, -0.8342, 0.11792, 0.092, -0.712, 0.8, 1.0, -0.1104]",3168,1092,12.0,4448,9.999999999999515e-188,0.009999999962396635,16,40,864
188,2,"[-0.35734, -0.41561, -0.94655, -0.83, 0.11532, 0.121, -0.68067, 0.8, 1.0, -0.095]",2998,1121,12.0,4525,9.999999999999518e-189,0.009999999966156971,16,37,958
189,2,"[-0.35975, -0.4261, -0.9458, -0.8131, 0.0936, 0.232, -0.68067, 0.8, 1.0, -0.0916]",2876,1232,12.0,4542,9.999999999999508e-190,0.009999999969541274,16,42,958
190,2,"[-0.35835, -0.42216, -0.94735, -0.81975, 0.10304, 0.185, -0.699, 0.8, 1.0, -0.0898]",2929,1185,12.0,4551,9.999999999999504e-191,0.009999999972587147,16,50,903
191,2,"[-0.35986, -0.42804, -0.95015, -0.8138, 0.09408, 0.226, -0.71367, 0.8, 1.0, -0.0944]",2999,1226,12.0,4528,9.999999999999502e-192,0.009999999975328432,16,46,859
192,2,"[-0.36179, -0.43157, -0.9493, -0.80975, 0.08616, 0.254, -0.705, 0.8, 1.0, -0.1066]",2978,1254,12.0,4467,9.999999999999499e-193,0.009999999977795588,16,43,885
193,2,"[-0.36075, -0.4263, -0.95155, -0.82045, 0.09896, 0.184, -0.716, 0.8, 1.0, -0.1134]",3110,1184,12.0,4433,9.999999999999487e-194,0.00999999998001603,16,39,852
194,2,"[-0.35864, -0.42222, -0.9512, -0.82405, 0.10676, 0.16, -0.71367, 0.8, 1.0, -0.0984]",3078,1160,12.0,4508,9.999999999999485e-195,0.009999999982014427,16,39,859
195,2,"[-0.35777, -0.41772, -0.95015, -0.83025, 0.11472, 0.118, -0.70867, 0.8, 1.0, -0.1002]",3121,1118,12.0,4499,9.999999999999488e-196,0.009999999983812985,16,41,874
196,2,"[-0.35889, -0.41985, -0.94745, -0.82555, 0.10776, 0.148, -0.69467, 0.8, 1.0, -0.1042]",3077,1148,12.0,4479,9.99999999999948e-197,0.009999999985431687,16,45,916
197,2,"[-0.35933, -0.42414, -0.94635, -0.81675, 0.09808, 0.207, -0.68633, 0.8, 1.0, -0.0938]",2917,1207,12.0,4531,9.99999999999948e-198,0.009999999986888518,16,44,941
198,2,"[-0.35891, -0.42456, -0.9482, -0.8169, 0.09908, 0.207, -0.69567, 0.8, 1.0, -0.0894]",2923,1207,12.0,4553,9.999999999999483e-199,0.009999999988199667,16,41,913
199,2,"[-0.35665, -0.41725, -0.9477, -0.8265, 0.1132, 0.14, -0.70133, 0.8, 1.0, -0.084]",2962,1140,12.0,4580,9.999999999999472e-200,0.0099999999893797,16,50,896
200,2,"[-0.35786, -0.42113, -0.9479, -0.82135, 0.10564, 0.175, -0.70067, 0.8, 1.0, -0.0872]",2940,1175,12.0,4564,9.999999999999472e-201,0.009999999990441731,16,48,898
201,2,"[-0.3586, -0.4221, -0.9464, -0.8194, 0.1022, 0.185, -0.69967, 0.8, 1.0, -0.0926]",2970,1185,12.0,4537,9.999999999999472e-202,0.009999999991397559,16,57,901
202,2,"[-0.36065, -0.42765, -0.94375, -0.80975, 0.08844, 0.246, -0.692, 0.8, 1.0, -0.0984]",2896,1246,12.0,4508,9.999999999999461e-203,0.009999999992257803,16,67,924
203,2,"[-0.36028, -0.42568, -0.947, -0.8162, 0.09564, 0.205, -0.70767, 0.8, 1.0, -0.1046]",2965,1205,12.0,4477,9.999999999999456e-204,0.009999999993032022,16,61,877
204,2,"[-0.35904, -0.42274, -0.9506, -0.8232, 0.10512, 0.161, -0.72367, 0.8, 1.0, -0.1028]",3083,1161,12.0,4486,9.999999999999456e-205,0.00999999999372882,16,53,829
205,2,"[-0.35868, -0.42133, -0.9491, -0.8238, 0.10644, 0.152, -0.72867, 0.8, 1.0, -0.1022]",3123,1152,12.0,4489,9.99999999999946e-206,0.009999999994355939,16,68,814
206,2,"[-0.35932, -0.42178, -0.94975, -0.82485, 0.1062, 0.147, -0.727, 0.8, 1.0, -0.1096]",3129,1147,12.0,4452,9.999999999999462e-207,0.009999999994920345,16,62,819
207,2,"[-0.35781, -0.41793, -0.94915, -0.8289, 0.11328, 0.125, -0.708, 0.8, 1.0, -0.0992]",3079,1125,12.0,4504,9.999999999999465e-208,0.00999999999542831,16,47,876
208,2,"[-0.35794, -0.41954, -0.94465, -0.82145, 0.10556, 0.174, -0.68, 0.8, 1.0, -0.0884]",2907,1174,12.0,4558,9.999999999999465e-209,0.009999999995885479,16,49,960
209,2,"[-0.35835, -0.42, -0.94495, -0.82165, 0.10496, 0.172, -0.684, 0.8, 1.0, -0.093]",2932,1172,12.0,4535,9.999999999999463e-210,0.009999999996296931,16,51,948
210,2,"[-0.35986, -0.42491, -0.9463, -0.8162, 0.09648, 0.206, -0.7, 0.8, 1.0, -0.1]",2967,1206,12.0,4500,9.99999999999946e-211,0.009999999996667237,16,58,900
211,2,"[-0.35976, -0.42413, -0.9489, -0.82015, 0.10064, 0.185, -0.70133, 0.8, 1.0, -0.1034]",2980,1185,12.0,4483,9.99999999999945e-212,0.009999999997000514,16,42,896
212,2,"[-0.35847, -0.42119, -0.9505, -0.82505, 0.10812, 0.151, -0.716, 0.8, 1.0, -0.0992]",3061,1151,12.0,4504,9.999999999999452e-213,0.009999999997300463,16,46,852
213,2,"[-0.35608, -0.41373, -0.9483, -0.833, 0.12084, 0.099, -0.69833, 0.8, 1.0, -0.0882]",3004,1099,12.0,4559,9.999999999999452e-214,0.009999999997570418,16,43,905
214,2,"[-0.35916, -0.42033, -0.94375, -0.8214, 0.10308, 0.169, -0.69, 0.8, 1.0, -0.1026]",2998,1169,12.0,4487,9.999999999999449e-215,0.009999999997813376,16,65,930
215,2,"[-0.35904, -0.41904, -0.9468, -0.8268, 0.10872, 0.14, -0.68933, 0.8, 1.0, -0.1076]",3060,1140,12.0,4462,9.999999999999443e-216,0.009999999998032038,16,44,932
216,2,"[-0.35943, -0.42131, -0.9439, -0.82015, 0.10128, 0.184, -0.671, 0.8, 1.0, -0.1006]",2933,1184,12.0,4497,9.99999999999944e-217,0.009999999998228834,16,45,987
217,2,"[-0.35752, -0.41825, -0.9455, -0.82405, 0.109, 0.156, -0.68767, 0.8, 1.0, -0.0888]",2941,1156,12.0,4556,9.999999999999443e-218,0.00999999999840595,16,51,937
218,2,"[-0.35784, -0.42322, -0.94695, -0.8162, 0.10052, 0.207, -0.70133, 0.8, 1.0, -0.0794]",2874,1207,12.0,4603,9.999999999999439e-219,0.009999999998565356,16,55,896
219,2,"[-0.35703, -0.42296, -0.9494, -0.81755, 0.10348, 0.197, -0.72067, 0.8, 1.0, -0.074]",2918,1197,12.0,4630,9.999999999999434e-220,0.009999999998708821,16,58,838
220,2,"[-0.35562, -0.41769, -0.94755, -0.8234, 0.11216, 0.156, -0.71433, 0.8, 1.0, -0.0704]",2880,1156,12.0,4648,9.999999999999428e-221,0.009999999998837938,16,64,857
221,2,"[-0.35627, -0.41912, -0.94615, -0.82045, 0.10792, 0.172, -0.716, 0.8, 1.0, -0.0734]",2895,1172,12.0,4633,9.999999999999424e-222,0.009999999998954144,16,75,852
222,2,"[-0.35801, -0.42204, -0.9472, -0.81915, 0.10312, 0.182, -0.719, 0.8, 1.0, -0.0882]",2959,1182,12.0,4559,9.999999999999422e-223,0.00999999999905873,16,71,843
223,2,"[-0.35653, -0.41561, -0.95065, -0.8325, 0.11944, 0.099, -0.724, 0.8, 1.0, -0.0932]",3103,1099,12.0,4534,9.999999999999412e-224,0.009999999999152857,16,53,828
224,2,"[-0.35759, -0.41959, -0.9497, -0.8257, 0.11052, 0.147, -0.70967, 0.8, 1.0, -0.0914]",3061,1147,12.0,4543,9.999999999999412e-225,0.00999999999923757,16,45,871
225,2,"[-0.35953, -0.42505, -0.9475, -0.81645, 0.0974, 0.208, -0.697, 0.8, 1.0, -0.0956]",2998,1208,12.0,4522,9.999999999999415e-226,0.009999999999313813,16,47,909
226,2,"[-0.36053, -0.42993, -0.9461, -0.8073, 0.08624, 0.267, -0.69367, 0.8, 1.0, -0.0912]",2869,1267,12.0,4544,9.999999999999409e-227,0.009999999999382432,16,53,919
227,2,"[-0.3574, -0.41892, -0.945, -0.82195, 0.10716, 0.169, -0.68733, 0.8, 1.0, -0.0844]",2876,1169,12.0,4578,9.999999999999412e-228,0.009999999999444188,16,54,938
228,2,"[-0.35715, -0.41829, -0.94675, -0.82445, 0.11016, 0.153, -0.697, 0.8, 1.0, -0.0858]",2949,1153,12.0,4571,9.99999999999941e-229,0.009999999999499768,16,52,909
229,2,"[-0.35813, -0.4211, -0.94865, -0.8227, 0.10644, 0.168, -0.69967, 0.8, 1.0, -0.0914]",2985,1168,12.0,4543,9.999999999999413e-230,0.009999999999549791,16,42,901
230,2,"[-0.36018, -0.42891, -0.94945, -0.812, 0.09164, 0.236, -0.715, 0.8, 1.0, -0.0954]",3000,1236,12.0,4523,9.999999999999402e-231,0.009999999999594812,16,52,855
231,2,"[-0.36027, -0.42947, -0.9471, -0.8087, 0.08816, 0.257, -0.70233, 0.8, 1.0, -0.0912]",2905,1257,12.0,4544,9.999999999999402e-232,0.009999999999635332,16,55,893
232,2,"[-0.35834, -0.42109, -0.9451, -0.8196, 0.10292, 0.183, -0.693, 0.8, 1.0, -0.0906]",2912,1183,12.0,4547,9.999999999999405e-233,0.0099999999996718,16,59,921
233,2,"[-0.35846, -0.42126, -0.9462, -0.8206, 0.10368, 0.176, -0.70133, 0.8, 1.0, -0.0936]",2941,1176,12.0,4532,9.999999999999408e-234,0.00999999999970462,16,60,896
234,2,"[-0.35606, -0.41104, -0.94855, -0.8386, 0.12648, 0.059, -0.708, 0.8, 1.0, -0.0984]",3100,1059,12.0,4508,9.999999999999402e-235,0.009999999999734159,16,51,876
235,2,"[-0.35994, -0.42363, -0.94715, -0.81975, 0.09988, 0.183, -0.70367, 0.8, 1.0, -0.1064]",3059,1183,12.0,4468,9.999999999999399e-236,0.009999999999760744,16,56,889
236,2,"[-0.36091, -0.42673, -0.94475, -0.8131, 0.09128, 0.226, -0.69167, 0.8, 1.0, -0.1056]",2962,1226,12.0,4472,9.999999999999402e-237,0.009999999999784669,16,60,925
237,2,"[-0.35883, -0.41986, -0.94355, -0.8215, 0.10384, 0.171, -0.68067, 0.8, 1.0, -0.0984]",2916,1171,12.0,4508,9.999999999999402e-238,0.009999999999806202,16,57,958
238,2,"[-0.35767, -0.41904, -0.9446, -0.82185, 0.10652, 0.166, -0.69567, 0.8, 1.0, -0.0884]",2925,1166,12.0,4558,9.9999999999994e-239,0.009999999999825582,16,65,913
239,2,"[-0.35525, -0.41224, -0.94905, -0.83505, 0.12456, 0.082, -0.71333, 0.8, 1.0, -0.0846]",3060,1082,12.0,4577,9.9999999999994e-240,0.009999999999843023,16,53,860
240,2,"[-0.3582, -0.42117, -0.9483, -0.82235, 0.10596, 0.168, -0.70433, 0.8, 1.0, -0.0924]",3029,1168,12.0,4538,9.999999999999398e-241,0.00999999999985872,16,49,887
241,2,"[-0.35909, -0.42399, -0.9449, -0.8151, 0.09692, 0.215, -0.68567, 0.8, 1.0, -0.0898]",2898,1215,12.0,4551,9.9999999999994e-242,0.009999999999872848,16,53,943
242,2,"[-0.36095, -0.42863, -0.94225, -0.8069, 0.085, 0.265, -0.682, 0.8, 1.0, -0.0966]",2839,1265,12.0,4517,9.9999999999994e-243,0.009999999999885564,16,67,954
243,2,"[-0.35943, -0.42466, -0.94155, -0.8111, 0.09224, 0.235, -0.68333, 0.8, 1.0, -0.0892]",2812,1235,12.0,4554,9.9999999999994e-244,0.009999999999897008,16,73,950
244,2,"[-0.36018, -0.42653, -0.9459, -0.8132, 0.09284, 0.226, -0.69733, 0.8, 1.0, -0.0982]",2916,1226,12.0,4509,9.999999999999398e-245,0.009999999999907307,16,58,908
245,2,"[-0.36038, -0.4251, -0.94505, -0.8156, 0.09484, 0.206, -0.70367, 0.8, 1.0, -0.1058]",2979,1206,12.0,4471,9.999999999999398e-246,0.009999999999916576,16,70,889
246,2,"[-0.35653, -0.41206, -0.94735, -0.8363, 0.12324, 0.074, -0.701, 0.8, 1.0, -0.0994]",3078,1074,12.0,4503,9.999999999999394e-247,0.009999999999924918,16,52,897
247,2,"[-0.35796, -0.41873, -0.9463, -0.82475, 0.10884, 0.15, -0.697, 0.8, 1.0, -0.0948]",2996,1150,12.0,4526,9.999999999999394e-248,0.009999999999932426,16,55,909
248,2,"[-0.36079, -0.42751, -0.9465, -0.81305, 0.09148, 0.228, -0.69833, 0.8, 1.0, -0.1036]",2947,1228,12.0,4482,9.99999999999939e-249,0.009999999999939183,16,55,905
249,2,"[-0.35842, -0.41919, -0.94855, -0.827, 0.11016, 0.136, -0.709, 0.8, 1.0, -0.1028]",3051,1136,12.0,4486,9.999999999999386e-250,0.009999999999945264,16,52,873
250,2,"[-0.35574, -0.41219, -0.9471, -0.8342, 0.12272, 0.087, -0.70233, 0.8, 1.0, -0.0884]",3012,1087,12.0,4558,9.999999999999386e-251,0.009999999999950738,16,55,893
251,2,"[-0.35812, -0.4209, -0.94675, -0.8212, 0.10496, 0.175, -0.696, 0.8, 1.0, -0.09]",2988,1175,12.0,4550,9.99999999999939e-252,0.009999999999955664,16,51,912
252,2,"[-0.36135, -0.43028, -0.9458, -0.80795, 0.08524, 0.261, -0.69667, 0.8, 1.0, -0.1012]",2951,1261,12.0,4494,9.999999999999378e-253,0.009999999999960098,16,58,910
253,2,"[-0.36113, -0.42705, -0.94855, -0.8167, 0.09444, 0.209, -0.696, 0.8, 1.0, -0.111]",2980,1209,12.0,4445,9.99999999999937e-254,0.009999999999964088,16,39,912
254,2,"[-0.35955, -0.42247, -0.94715, -0.8213, 0.1022, 0.174, -0.69967, 0.8, 1.0, -0.1046]",2993,1174,12.0,4477,9.99999999999937e-255,0.009999999999967679,16,52,901
255,2,"[-0.35896, -0.42266, -0.9492, -0.8218, 0.10388, 0.175, -0.70033, 0.8, 1.0, -0.0978]",3011,1175,12.0,4511,9.999999999999371e-256,0.00999999999997091,16,39,899
256,2,"[-0.35884, -0.42158, -0.95105, -0.82555, 0.10788, 0.148, -0.71867, 0.8, 1.0, -0.1036]",3129,1148,12.0,4482,9.999999999999368e-257,0.00999999999997382,16,45,844
257,2,"[-0.35952, -0.42417, -0.94845, -0.81915, 0.10012, 0.189, -0.70633, 0.8, 1.0, -0.1004]",3022,1189,12.0,4498,9.999999999999371e-258,0.009999999999976437,16,50,881
258,2,"[-0.35882, -0.42265, -0.9483, -0.82065, 0.103, 0.18, -0.70233, 0.8, 1.0, -0.0956]",2990,1180,12.0,4522,9.999999999999368e-259,0.009999999999978793,16,47,893
259,2,"[-0.35929, -0.42502, -0.9474, -0.81595, 0.09736, 0.211, -0.69733, 0.8, 1.0, -0.0926]",2938,1211,12.0,4537,9.999999999999365e-260,0.009999999999980913,16,48,908
260,2,"[-0.35887, -0.42172, -0.9458, -0.8201, 0.10236, 0.184, -0.68467, 0.8, 1.0, -0.095]",2922,1184,12.0,4525,9.999999999999362e-261,0.009999999999982821,16,46,946
261,2,"[-0.35763, -0.41815, -0.94875, -0.8277, 0.11244, 0.132, -0.70833, 0.8, 1.0, -0.0958]",3020,1132,12.0,4521,9.999999999999362e-262,0.009999999999984539,16,50,875
262,2,"[-0.35734, -0.41804, -0.95075, -0.82935, 0.11468, 0.123, -0.71567, 0.8, 1.0, -0.0948]",3030,1123,12.0,4526,9.999999999999356e-263,0.009999999999986084,16,44,853
263,2,"[-0.35807, -0.41962, -0.9486, -0.8255, 0.10936, 0.147, -0.70633, 0.8, 1.0, -0.0964]",3060,1147,12.0,4518,9.999999999999358e-264,0.009999999999987476,16,49,881
264,2,"[-0.35794, -0.41849, -0.94695, -0.82585, 0.10996, 0.144, -0.69733, 0.8, 1.0, -0.096]",3019,1144,12.0,4520,9.999999999999348e-265,0.009999999999988728,16,51,908
265,2,"[-0.35849, -0.42071, -0.94115, -0.8167, 0.09972, 0.196, -0.68567, 0.8, 1.0, -0.0898]",2886,1196,12.0,4551,9.999999999999346e-266,0.009999999999989856,16,78,943
266,2,"[-0.35841, -0.4217, -0.94265, -0.81605, 0.09924, 0.202, -0.69067, 0.8, 1.0, -0.0872]",2867,1202,12.0,4564,9.999999999999346e-267,0.00999999999999087,16,73,928
267,2,"[-0.35729, -0.41886, -0.9454, -0.82225, 0.10768, 0.162, -0.705, 0.8, 1.0, -0.0858]",2929,1162,12.0,4571,9.999999999999346e-268,0.009999999999991783,16,69,885
268,2,"[-0.35918, -0.42523, -0.9463, -0.8142, 0.09584, 0.217, -0.707, 0.8, 1.0, -0.0908]",2870,1217,12.0,4546,9.999999999999339e-269,0.009999999999992605,16,65,879
269,2,"[-0.35619, -0.41441, -0.94895, -0.8325, 0.12012, 0.094, -0.72767, 0.8, 1.0, -0.0918]",3077,1094,12.0,4541,9.999999999999334e-270,0.009999999999993344,16,68,817
270,2,"[-0.35758, -0.42016, -0.949, -0.82385, 0.10868, 0.154, -0.721, 0.8, 1.0, -0.0904]",3051,1154,12.0,4548,9.999999999999324e-271,0.00999999999999401,16,61,837
271,2,"[-0.35998, -0.42749, -0.94725, -0.81225, 0.09228, 0.234, -0.70133, 0.8, 1.0, -0.094]",2922,1234,12.0,4530,9.999999999999326e-272,0.009999999999994609,16,53,896
272,2,"[-0.36016, -0.42461, -0.9457, -0.8168, 0.09648, 0.202, -0.696, 0.8, 1.0, -0.104]",3031,1202,12.0,4480,9.999999999999318e-273,0.009999999999995148,16,58,912
273,2,"[-0.36004, -0.42404, -0.9438, -0.8158, 0.09572, 0.209, -0.68233, 0.8, 1.0, -0.101]",2889,1209,12.0,4495,9.999999999999311e-274,0.009999999999995634,16,57,953
274,2,"[-0.35929, -0.42141, -0.94875, -0.8245, 0.10592, 0.154, -0.70633, 0.8, 1.0, -0.1068]",3055,1154,12.0,4466,9.999999999999313e-275,0.009999999999996071,16,48,881
275,2,"[-0.36037, -0.42605, -0.95125, -0.8199, 0.09916, 0.187, -0.716, 0.8, 1.0, -0.109]",3085,1187,12.0,4455,9.999999999999308e-276,0.009999999999996463,16,41,852
276,2,"[-0.35974, -0.42325, -0.94745, -0.82045, 0.10096, 0.181, -0.69767, 0.8, 1.0, -0.1046]",3003,1181,12.0,4477,9.999999999999312e-277,0.009999999999996817,16,48,907
277,2,"[-0.36046, -0.42546, -0.9482, -0.8182, 0.09728, 0.196, -0.70267, 0.8, 1.0, -0.108]",3033,1196,12.0,4460,9.99999999999931e-278,0.009999999999997136,16,48,892
278,2,"[-0.35546, -0.41119, -0.9465, -0.83505, 0.12412, 0.079, -0.70533, 0.8, 1.0, -0.088]",3028,1079,12.0,4560,9.999999999999312e-279,0.009999999999997422,16,62,884
279,2,"[-0.35588, -0.4145, -0.9508, -0.83355, 0.1218, 0.094, -0.719, 0.8, 1.0, -0.0876]",3100,1094,12.0,4562,9.999999999999306e-280,0.009999999999997681,16,47,843
280,2,"[-0.35721, -0.41648, -0.94925, -0.8307, 0.11628, 0.112, -0.71167, 0.8, 1.0, -0.0966]",3109,1112,12.0,4517,9.99999999999931e-281,0.009999999999997913,16,50,865
281,2,"[-0.35744, -0.41604, -0.944, -0.8268, 0.11192, 0.135, -0.68567, 0.8, 1.0, -0.0936]",3022,1135,12.0,4532,9.999999999999312e-282,0.009999999999998122,16,59,943
282,2,"[-0.36056, -0.42809, -0.94385, -0.8088, 0.08768, 0.256, -0.68167, 0.8, 1.0, -0.0944]",2891,1256,12.0,4528,9.999999999999312e-283,0.009999999999998309,16,56,955
283,2,"[-0.36003, -0.42831, -0.9457, -0.80915, 0.08908, 0.255, -0.69, 0.8, 1.0, -0.0892]",2839,1255,12.0,4554,9.999999999999301e-284,0.009999999999998479,16,52,930
284,2,"[-0.35755, -0.4182, -0.94905, -0.82775, 0.11264, 0.133, -0.70633, 0.8, 1.0, -0.0946]",3007,1133,12.0,4527,9.999999999999303e-285,0.009999999999998632,16,46,881
285,2,"[-0.36001, -0.42582, -0.94755, -0.81595, 0.09592, 0.209, -0.70433, 0.8, 1.0, -0.1006]",2993,1209,12.0,4497,9.999999999999297e-286,0.009999999999998769,16,54,887
286,2,"[-0.36138, -0.42822, -0.94505, -0.81135, 0.0886, 0.235, -0.70167, 0.8, 1.0, -0.1084]",2981,1235,12.0,4458,9.999999999999297e-287,0.009999999999998892,16,68,895
287,2,"[-0.35849, -0.42156, -0.94685, -0.8207, 0.10372, 0.172, -0.71567, 0.8, 1.0, -0.0954]",3004,1172,12.0,4523,9.99999999999929e-288,0.009999999999999003,16,70,853
288,2,"[-0.35964, -0.42444, -0.9476, -0.818, 0.09872, 0.196, -0.70267, 0.8, 1.0, -0.1]",2986,1196,12.0,4500,9.999999999999284e-289,0.009999999999999103,16,52,892
289,2,"[-0.36003, -0.4234, -0.9446, -0.81785, 0.0978, 0.191, -0.70067, 0.8, 1.0, -0.106]",3014,1191,12.0,4470,9.999999999999273e-290,0.009999999999999194,16,70,898
290,2,"[-0.36079, -0.42666, -0.94685, -0.8151, 0.09352, 0.209, -0.71667, 0.8, 1.0, -0.1092]",3024,1209,12.0,4454,9.999999999999269e-291,0.009999999999999273,16,71,850
291,2,"[-0.36142, -0.42915, -0.9471, -0.81165, 0.0888, 0.236, -0.70633, 0.8, 1.0, -0.1082]",2986,1236,12.0,4459,9.999999999999272e-292,0.009999999999999346,16,59,881
292,2,"[-0.35841, -0.41858, -0.94985, -0.8295, 0.11268, 0.118, -0.72167, 0.8, 1.0, -0.1074]",3103,1118,12.0,4463,9.999999999999275e-293,0.009999999999999412,16,56,835
293,2,"[-0.35881, -0.41875, -0.94695, -0.82705, 0.10944, 0.135, -0.70033, 0.8, 1.0, -0.107]",3080,1135,12.0,4465,9.999999999999277e-294,0.009999999999999471,16,54,899
294,2,"[-0.35947, -0.42207, -0.9469, -0.8217, 0.10276, 0.172, -0.696, 0.8, 1.0, -0.1042]",3030,1172,12.0,4479,9.999999999999272e-295,0.009999999999999523,16,50,912
295,2,"[-0.36283, -0.4313, -0.94705, -0.8101, 0.08444, 0.252, -0.689, 0.8, 1.0, -0.1174]",3003,1252,12.0,4413,9.999999999999268e-296,0.009999999999999572,16,42,933
296,2,"[-0.36021, -0.42454, -0.94535, -0.8167, 0.09628, 0.204, -0.68967, 0.8, 1.0, -0.1038]",2963,1204,12.0,4481,9.999999999999264e-297,0.009999999999999615,16,54,931
297,2,"[-0.35957, -0.42277, -0.9475, -0.8211, 0.10196, 0.178, -0.694, 0.8, 1.0, -0.1034]",3007,1178,12.0,4483,9.999999999999259e-298,0.009999999999999653,16,44,918
298,2,"[-0.35956, -0.42166, -0.94665, -0.82245, 0.10332, 0.166, -0.69733, 0.8, 1.0, -0.1068]",3055,1166,12.0,4466,9.999999999999259e-299,0.009999999999999688,16,53,908
299,2,"[-0.36064, -0.42529, -0.94655, -0.81725, 0.09596, 0.2, -0.69867, 0.8, 1.0, -0.1092]",3027,1200,12.0,4454,9.999999999999259e-300,0.00999999999999972,16,55,904
300,2,"[-0.36088, -0.42478, -0.94635, -0.81855, 0.0968, 0.194, -0.68933, 0.8, 1.0, -0.1126]",2994,1194,12.0,4437,9.999999999999256e-301,0.009999999999999747,16,47,932
301,2,"[-0.35895, -0.41725, -0.94525, -0.82865, 0.11076, 0.123, -0.693, 0.8, 1.0, -0.1116]",3067,1123,12.0,4442,9.999999999999253e-302,0.009999999999999773,16,58,921
302,2,"[-0.35892, -0.42003, -0.94525, -0.82305, 0.1052, 0.161, -0.691, 0.8, 1.0, -0.1018]",3013,1161,12.0,4491,9.999999999999248e-303,0.009999999999999796,16,56,927
303,2,"[-0.35862, -0.41915, -0.9455, -0.82445, 0.1072, 0.149, -0.70067, 0.8, 1.0, -0.1022]",3040,1149,12.0,4489,9.999999999999243e-304,0.009999999999999816,16,64,898
304,2,"[-0.3572, -0.41458, -0.944, -0.82925, 0.11484, 0.119, -0.68467, 0.8, 1.0, -0.0952]",2993,1119,12.0,4524,9.999999999999237e-305,0.009999999999999835,16,58,946
305,2,"[-0.35756, -0.41838, -0.9444, -0.82275, 0.10764, 0.162, -0.68833, 0.8, 1.0, -0.088]",2890,1162,12.0,4560,9.999999999999235e-306,0.009999999999999853,16,59,935
306,2,"[-0.35706, -0.4198, -0.94665, -0.82115, 0.10704, 0.171, -0.70833, 0.8, 1.0, -0.081]",2911,1171,12.0,4595,9.999999999999227e-307,0.009999999999999867,16,64,875
307,2,"[-0.35696, -0.42056, -0.94835, -0.82115, 0.10724, 0.172, -0.71667, 0.8, 1.0, -0.0796]",2908,1172,12.0,4602,9.99999999999923e-308,0.00999999999999988,16,61,850
308,2,"[-0.35708, -0.41965, -0.9513, -0.82615, 0.112, 0.143, -0.72333, 0.8, 1.0, -0.0874]",3003,1143,12.0,4563,9.99999999999922e-309,0.009999999999999893,16,48,830
309,2,"[-0.3562, -0.41508, -0.949, -0.83125, 0.11884, 0.104, -0.723, 0.8, 1.0, -0.0892]",3072,1104,12.0,4554,9.99999999999923e-310,0.009999999999999903,16,63,831
310,2,"[-0.3586, -0.42283, -0.94625, -0.8178, 0.1006, 0.193, -0.70667, 0.8, 1.0, -0.091]",2976,1193,12.0,4545,9.999999999999e-311,0.009999999999999913,16,65,880
311,2,"[-0.35964, -0.42655, -0.94445, -0.81065, 0.09136, 0.243, -0.68767, 0.8, 1.0, -0.0886]",2857,1243,12.0,4557,1e-311,0.009999999999999922,16,58,937
312,2,"[-0.35896, -0.42418, -0.9438, -0.81335, 0.09544, 0.223, -0.68933, 0.8, 1.0, -0.087]",2847,1223,12.0,4565,1e-312,0.009999999999999929,16,64,932
313,2,"[-0.35977, -0.42588, -0.94395, -0.81175, 0.0922, 0.237, -0.68033, 0.8, 1.0, -0.0912]",2818,1237,12.0,4544,1e-313,0.009999999999999936,16,54,959
314,2,"[-0.3596, -0.42444, -0.94605, -0.81635, 0.09716, 0.203, -0.70433, 0.8, 1.0, -0.0984]",2953,1203,12.0,4508,1e-314,0.009999999999999943,16,64,887
315,2,"[-0.35942, -0.4222, -0.947, -0.82145, 0.1026, 0.168, -0.71367, 0.8, 1.0, -0.1056]",3035,1168,12.0,4472,1e-315,0.009999999999999948,16,67,859
316,2,"[-0.35891, -0.41982, -0.94555, -0.82375, 0.10592, 0.152, -0.706, 0.8, 1.0, -0.1046]",3031,1152,12.0,4477,1e-316,0.009999999999999953,16,69,882
317,2,"[-0.35656, -0.41491, -0.9499, -0.8332, 0.12008, 0.093, -0.723, 0.8, 1.0, -0.0952]",3096,1093,12.0,4524,1e-317,0.009999999999999959,16,57,831
318,2,"[-0.35598, -0.41616, -0.94995, -0.8296, 0.11764, 0.119, -0.71733, 0.8, 1.0, -0.0826]",3031,1119,12.0,4587,1e-318,0.009999999999999962,16,51,848
319,2,"[-0.35853, -0.42353, -0.94995, -0.81995, 0.10288, 0.186, -0.70933, 0.8, 1.0, -0.091]",3018,1186,12.0,4545,1e-319,0.009999999999999966,16,43,872
320,2,"[-0.3599, -0.42695, -0.9481, -0.814, 0.0942, 0.228, -0.69, 0.8, 1.0, -0.0938]",2935,1228,12.0,4531,1e-320,0.009999999999999969,16,36,930
321,2,"[-0.35691, -0.41911, -0.94945, -0.82505, 0.11124, 0.155, -0.697, 0.8, 1.0, -0.082]",2917,1155,12.0,4590,1e-321,0.009999999999999972,16,34,909
322,2,"[-0.3558, -0.41444, -0.94805, -0.83075, 0.11916, 0.112, -0.70267, 0.8, 1.0, -0.0824]",2992,1112,12.0,4588,1e-322,0.009999999999999976,16,49,892
323,2,"[-0.35699, -0.41824, -0.94625, -0.82375, 0.10976, 0.155, -0.70167, 0.8, 1.0, -0.0842]",2956,1155,12.0,4579,1e-323,0.009999999999999978,16,60,895
324,2,"[-0.35528, -0.41206, -0.9452, -0.83165, 0.12108, 0.104, -0.68967, 0.8, 1.0, -0.0796]",2951,1104,12.0,4602,0.0,0.00999999999999998,16,55,931
325,2,"[-0.35727, -0.42069, -0.9461, -0.81925, 0.10472, 0.187, -0.69467, 0.8, 1.0, -0.0786]",2886,1187,12.0,4607,0.0,0.009999999999999981,16,54,916
326,2,"[-0.36045, -0.42843, -0.94225, -0.8063, 0.0854, 0.271, -0.676, 0.8, 1.0, -0.0898]",2809,1271,12.0,4551,0.0,0.009999999999999983,16,61,972
327,2,"[-0.35985, -0.42603, -0.94545, -0.8131, 0.0934, 0.225, -0.69933, 0.8, 1.0, -0.0954]",2911,1225,12.0,4523,0.0,0.009999999999999985,16,63,902
328,2,"[-0.35781, -0.41841, -0.94675, -0.82555, 0.10992, 0.147, -0.693, 0.8, 1.0, -0.0938]",2982,1147,12.0,4531,0.0,0.009999999999999986,16,48,921
329,2,"[-0.36089, -0.42896, -0.9462, -0.81005, 0.08828, 0.25, -0.69033, 0.8, 1.0, -0.0988]",2896,1250,12.0,4506,0.0,0.009999999999999988,16,49,929
330,2,"[-0.36059, -0.42799, -0.9469, -0.8121, 0.09092, 0.237, -0.693, 0.8, 1.0, -0.099]",2922,1237,12.0,4505,0.0,0.00999999999999999,16,47,921
331,2,"[-0.36035, -0.42748, -0.9478, -0.81355, 0.09284, 0.227, -0.7, 0.8, 1.0, -0.0992]",2939,1227,12.0,4504,0.0,0.009999999999999992,16,48,900
332,2,"[-0.36106, -0.42864, -0.9456, -0.81045, 0.08832, 0.247, -0.68733, 0.8, 1.0, -0.1014]",2865,1247,12.0,4493,0.0,0.009999999999999992,16,50,938
333,2,"[-0.36067, -0.42644, -0.9488, -0.81725, 0.09592, 0.203, -0.70467, 0.8, 1.0, -0.1082]",3045,1203,12.0,4459,0.0,0.009999999999999992,16,46,886
334,2,"[-0.35805, -0.41928, -0.94835, -0.8259, 0.1098, 0.142, -0.71167, 0.8, 1.0, -0.0978]",3054,1142,12.0,4511,0.0,0.009999999999999992,16,56,865
335,2,"[-0.35937, -0.42332, -0.9498, -0.8219, 0.10316, 0.173, -0.70833, 0.8, 1.0, -0.1026]",3063,1173,12.0,4487,0.0,0.009999999999999992,16,43,875
336,2,"[-0.35705, -0.41622, -0.94685, -0.8285, 0.1144, 0.124, -0.70367, 0.8, 1.0, -0.0924]",3036,1124,12.0,4538,0.0,0.009999999999999992,16,58,889
337,2,"[-0.35581, -0.41494, -0.94415, -0.8259, 0.11428, 0.143, -0.68067, 0.8, 1.0, -0.075]",2895,1143,12.0,4625,0.0,0.009999999999999992,16,53,958
338,2,"[-0.35818, -0.42156, -0.9448, -0.81805, 0.10168, 0.195, -0.686, 0.8, 1.0, -0.0858]",2894,1195,12.0,4571,0.0,0.009999999999999992,16,54,942
339,2,"[-0.35898, -0.424, -0.9476, -0.81755, 0.0996, 0.199, -0.70267, 0.8, 1.0, -0.0926]",2924,1199,12.0,4537,0.0,0.009999999999999992,16,52,892
340,2,"[-0.35867, -0.42324, -0.9484, -0.81925, 0.10192, 0.189, -0.704, 0.8, 1.0, -0.0918]",2965,1189,12.0,4541,0.0,0.009999999999999992,16,48,888
341,2,"[-0.35786, -0.41938, -0.948, -0.82495, 0.10924, 0.151, -0.70133, 0.8, 1.0, -0.0932]",2986,1151,12.0,4534,0.0,0.009999999999999992,16,48,896
342,2,"[-0.3589, -0.42298, -0.94915, -0.821, 0.1032, 0.176, -0.713, 0.8, 1.0, -0.0976]",3014,1176,12.0,4512,0.0,0.009999999999999992,16,52,861
343,2,"[-0.35964, -0.42564, -0.9482, -0.8162, 0.09692, 0.21, -0.70067, 0.8, 1.0, -0.0962]",2970,1210,12.0,4519,0.0,0.009999999999999992,16,46,898
344,2,"[-0.36049, -0.42677, -0.94645, -0.8139, 0.09292, 0.224, -0.693, 0.8, 1.0, -0.1014]",2950,1224,12.0,4493,0.0,0.009999999999999992,16,50,921
345,2,"[-0.35946, -0.42471, -0.94715, -0.81665, 0.09772, 0.206, -0.69667, 0.8, 1.0, -0.0956]",2937,1206,12.0,4522,0.0,0.009999999999999992,16,49,910
346,2,"[-0.35857, -0.42085, -0.94685, -0.8223, 0.10516, 0.167, -0.69867, 0.8, 1.0, -0.0966]",2972,1167,12.0,4517,0.0,0.009999999999999992,16,53,904
347,2,"[-0.35982, -0.42555, -0.9511, -0.81965, 0.1, 0.188, -0.717, 0.8, 1.0, -0.1034]",3047,1188,12.0,4483,0.0,0.009999999999999992,16,43,849
348,2,"[-0.35864, -0.42051, -0.9489, -0.82515, 0.10788, 0.152, -0.70033, 0.8, 1.0, -0.1004]",3060,1152,12.0,4498,0.0,0.009999999999999992,16,41,899
349,2,"[-0.35817, -0.41967, -0.9467, -0.8237, 0.10736, 0.161, -0.68767, 0.8, 1.0, -0.0936]",2961,1161,12.0,4532,0.0,0.009999999999999992,16,43,937
350,2,"[-0.35909, -0.42379, -0.9467, -0.8173, 0.09912, 0.204, -0.68667, 0.8, 1.0, -0.092]",2921,1204,12.0,4540,0.0,0.009999999999999992,16,42,940
351,2,"[-0.35797, -0.41909, -0.9451, -0.82285, 0.10692, 0.161, -0.694, 0.8, 1.0, -0.0924]",2935,1161,12.0,4538,0.0,0.009999999999999992,16,60,918
352,2,"[-0.35849, -0.42114, -0.9462, -0.8209, 0.10392, 0.173, -0.70433, 0.8, 1.0, -0.0948]",2971,1173,12.0,4526,0.0,0.009999999999999992,16,63,887
353,2,"[-0.35945, -0.42405, -0.9485, -0.8193, 0.1004, 0.185, -0.71567, 0.8, 1.0, -0.1012]",3027,1185,12.0,4494,0.0,0.009999999999999992,16,59,853
354,2,"[-0.35891, -0.42166, -0.94945, -0.82395, 0.10612, 0.156, -0.716, 0.8, 1.0, -0.1028]",3074,1156,12.0,4486,0.0,0.009999999999999992,16,53,852
355,2,"[-0.35809, -0.41794, -0.9482, -0.8285, 0.11232, 0.128, -0.70067, 0.8, 1.0, -0.1012]",3055,1128,12.0,4494,0.0,0.009999999999999992,16,46,898
356,2,"[-0.35674, -0.41626, -0.94825, -0.8292, 0.11572, 0.125, -0.696, 0.8, 1.0, -0.0882]",2986,1125,12.0,4559,0.0,0.009999999999999992,16,41,912
357,2,"[-0.35953, -0.42158, -0.944, -0.8199, 0.10084, 0.181, -0.68567, 0.8, 1.0, -0.103]",2955,1181,12.0,4485,0.0,0.009999999999999992,16,59,943
358,2,"[-0.35966, -0.42321, -0.94325, -0.81615, 0.09684, 0.209, -0.67167, 0.8, 1.0, -0.0968]",2856,1209,12.0,4516,0.0,0.009999999999999992,16,50,985
359,2,"[-0.35596, -0.41524, -0.94655, -0.828, 0.11608, 0.13, -0.69367, 0.8, 1.0, -0.0796]",2902,1130,12.0,4602,0.0,0.009999999999999992,16,50,919
360,2,"[-0.35604, -0.41489, -0.9467, -0.829, 0.11692, 0.12, -0.70467, 0.8, 1.0, -0.0834]",2965,1120,12.0,4583,0.0,0.009999999999999992,16,60,886
361,2,"[-0.35528, -0.41324, -0.94755, -0.83165, 0.12108, 0.101, -0.71433, 0.8, 1.0, -0.0808]",3012,1101,12.0,4596,0.0,0.009999999999999992,16,64,857
362,2,"[-0.35843, -0.424, -0.94665, -0.8155, 0.09864, 0.209, -0.70733, 0.8, 1.0, -0.0852]",2954,1209,12.0,4574,0.0,0.009999999999999992,16,63,878
363,2,"[-0.35866, -0.42651, -0.9463, -0.8106, 0.09328, 0.246, -0.692, 0.8, 1.0, -0.0776]",2809,1246,12.0,4612,0.0,0.009999999999999992,16,50,924
364,2,"[-0.36049, -0.42966, -0.94485, -0.8065, 0.08552, 0.275, -0.67733, 0.8, 1.0, -0.0884]",2806,1275,12.0,4558,0.0,0.009999999999999992,16,45,968
365,2,"[-0.35889, -0.42461, -0.94655, -0.8151, 0.09732, 0.215, -0.69667, 0.8, 1.0, -0.0878]",2878,1215,12.0,4561,0.0,0.009999999999999992,16,53,910
366,2,"[-0.35915, -0.42575, -0.9503, -0.8171, 0.0988, 0.201, -0.72367, 0.8, 1.0, -0.094]",3020,1201,12.0,4530,0.0,0.009999999999999992,16,55,829
367,2,"[-0.35956, -0.42588, -0.94885, -0.8162, 0.09708, 0.209, -0.708, 0.8, 1.0, -0.0958]",3019,1209,12.0,4521,0.0,0.009999999999999992,16,49,876
368,2,"[-0.35918, -0.42508, -0.9468, -0.815, 0.09664, 0.216, -0.69733, 0.8, 1.0, -0.0904]",2917,1216,12.0,4548,0.0,0.009999999999999992,16,52,908
369,2,"[-0.3593, -0.4238, -0.9466, -0.8176, 0.099, 0.2, -0.692, 0.8, 1.0, -0.0954]",2930,1200,12.0,4523,0.0,0.009999999999999992,16,48,924
370,2,"[-0.35844, -0.42249, -0.9481, -0.82, 0.10312, 0.185, -0.699, 0.8, 1.0, -0.0904]",2952,1185,12.0,4548,0.0,0.009999999999999992,16,45,903
371,2,"[-0.35752, -0.41767, -0.9483, -0.828, 0.11296, 0.131, -0.70233, 0.8, 1.0, -0.0948]",3019,1131,12.0,4526,0.0,0.009999999999999992,16,47,893
372,2,"[-0.3602, -0.42624, -0.94905, -0.81695, 0.09656, 0.206, -0.70333, 0.8, 1.0, -0.1026]",3024,1206,12.0,4487,0.0,0.009999999999999992,16,43,890
373,2,"[-0.35842, -0.4205, -0.9462, -0.82205, 0.1052, 0.171, -0.68733, 0.8, 1.0, -0.0938]",2946,1171,12.0,4531,0.0,0.009999999999999992,16,46,938
374,2,"[-0.35713, -0.4185, -0.9464, -0.82365, 0.1094, 0.158, -0.69567, 0.8, 1.0, -0.0844]",2910,1158,12.0,4578,0.0,0.009999999999999992,16,53,913
375,2,"[-0.35701, -0.41993, -0.9433, -0.81745, 0.10344, 0.193, -0.694, 0.8, 1.0, -0.0754]",2831,1193,12.0,4623,0.0,0.009999999999999992,16,72,918
376,2,"[-0.35918, -0.42543, -0.94465, -0.81215, 0.0938, 0.231, -0.695, 0.8, 1.0, -0.0872]",2864,1231,12.0,4564,0.0,0.009999999999999992,16,64,915
377,2,"[-0.36032, -0.42787, -0.9461, -0.811, 0.09036, 0.239, -0.70367, 0.8, 1.0, -0.0966]",2889,1239,12.0,4517,0.0,0.009999999999999992,16,63,889
378,2,"[-0.35687, -0.41667, -0.94755, -0.82795, 0.1142, 0.126, -0.71333, 0.8, 1.0, -0.0904]",3004,1126,12.0,4548,0.0,0.009999999999999992,16,63,860
379,2,"[-0.35922, -0.42327, -0.95125, -0.82315, 0.10472, 0.162, -0.726, 0.8, 1.0, -0.1042]",3103,1162,12.0,4479,0.0,0.009999999999999992,16,51,822
380,2,"[-0.3569, -0.4164, -0.9524, -0.8334, 0.1196, 0.099, -0.71767, 0.8, 1.0, -0.096]",3115,1099,12.0,4520,0.0,0.009999999999999992,16,35,847
381,2,"[-0.35689, -0.41396, -0.9498, -0.83565, 0.12188, 0.08, -0.71233, 0.8, 1.0, -0.1012]",3128,1080,12.0,4494,0.0,0.009999999999999992,16,47,863
382,2,"[-0.35755, -0.41515, -0.94545, -0.83025, 0.11516, 0.115, -0.68633, 0.8, 1.0, -0.0992]",3026,1115,12.0,4504,0.0,0.009999999999999992,16,50,941
383,2,"[-0.35881, -0.42153, -0.9485, -0.82305, 0.10544, 0.164, -0.70367, 0.8, 1.0, -0.0994]",3022,1164,12.0,4503,0.0,0.009999999999999992,16,47,889
384,2,"[-0.3597, -0.42625, -0.9459, -0.8128, 0.0934, 0.229, -0.69633, 0.8, 1.0, -0.0926]",2925,1229,12.0,4537,0.0,0.009999999999999992,16,57,911
385,2,"[-0.35984, -0.42594, -0.9474, -0.8152, 0.09552, 0.213, -0.70633, 0.8, 1.0, -0.098]",2960,1213,12.0,4510,0.0,0.009999999999999992,16,57,881
386,2,"[-0.36113, -0.42608, -0.94505, -0.81515, 0.09288, 0.212, -0.69467, 0.8, 1.0, -0.1114]",3017,1212,12.0,4443,0.0,0.009999999999999992,16,61,916
387,2,"[-0.36005, -0.42492, -0.947, -0.81725, 0.09716, 0.197, -0.71067, 0.8, 1.0, -0.1044]",3021,1197,12.0,4478,0.0,0.009999999999999992,16,64,868
388,2,"[-0.35902, -0.41979, -0.9497, -0.82815, 0.11012, 0.126, -0.72367, 0.8, 1.0, -0.1116]",3171,1126,12.0,4442,0.0,0.009999999999999992,16,59,829
389,2,"[-0.3607, -0.42573, -0.9497, -0.81965, 0.09824, 0.186, -0.71367, 0.8, 1.0, -0.113]",3090,1186,12.0,4435,0.0,0.009999999999999992,16,49,859
390,2,"[-0.36001, -0.42321, -0.9509, -0.8245, 0.10448, 0.159, -0.70567, 0.8, 1.0, -0.112]",3087,1159,12.0,4440,0.0,0.009999999999999992,16,33,883
391,2,"[-0.36142, -0.42736, -0.94485, -0.81295, 0.09012, 0.23, -0.68333, 0.8, 1.0, -0.1092]",2926,1230,12.0,4454,0.0,0.009999999999999992,16,51,950
392,2,"[-0.36133, -0.42918, -0.9456, -0.8099, 0.08724, 0.251, -0.68633, 0.8, 1.0, -0.103]",2896,1251,12.0,4485,0.0,0.009999999999999992,16,49,941
393,2,"[-0.35885, -0.42158, -0.94895, -0.8235, 0.1058, 0.163, -0.70067, 0.8, 1.0, -0.0998]",2983,1163,12.0,4501,0.0,0.009999999999999992,16,41,898
394,2,"[-0.35733, -0.41638, -0.9496, -0.8315, 0.11684, 0.105, -0.719, 0.8, 1.0, -0.0998]",3118,1105,12.0,4501,0.0,0.009999999999999992,16,55,843
395,2,"[-0.3586, -0.4195, -0.9456, -0.8238, 0.1066, 0.155, -0.69633, 0.8, 1.0, -0.1002]",3045,1155,12.0,4499,0.0,0.009999999999999992,16,59,911
396,2,"[-0.35665, -0.41495, -0.9465, -0.8299, 0.1166, 0.112, -0.70933, 0.8, 1.0, -0.0918]",3051,1112,12.0,4541,0.0,0.009999999999999992,16,66,872
397,2,"[-0.3552, -0.41192, -0.94465, -0.8312, 0.1208, 0.105, -0.692, 0.8, 1.0, -0.0788]",2932,1105,12.0,4606,0.0,0.009999999999999992,16,61,924
398,2,"[-0.35551, -0.41343, -0.94315, -0.8273, 0.11628, 0.131, -0.682, 0.8, 1.0, -0.0754]",2859,1131,12.0,4623,0.0,0.009999999999999992,16,61,954
399,2,"[-0.35789, -0.42114, -0.946, -0.8195, 0.10372, 0.186, -0.692, 0.8, 1.0, -0.085]",2897,1186,12.0,4575,0.0,0.009999999999999992,16,52,924
400,2,"[-0.35867, -0.42196, -0.94125, -0.81465, 0.09732, 0.211, -0.68233, 0.8, 1.0, -0.0876]",2828,1211,12.0,4562,0.0,0.009999999999999992,16,74,953
401,2,"[-0.36088, -0.42838, -0.944, -0.809, 0.08724, 0.248, -0.70267, 0.8, 1.0, -0.1006]",2915,1248,12.0,4497,0.0,0.009999999999999992,16,76,892
402,2,"[-0.3559, -0.41285, -0.94635, -0.83245, 0.12064, 0.094, -0.71133, 0.8, 1.0, -0.089]",3033,1094,12.0,4555,0.0,0.009999999999999992,16,69,866
403,2,"[-0.35834, -0.41931, -0.94295, -0.821, 0.10432, 0.172, -0.68367, 0.8, 1.0, -0.0936]",2930,1172,12.0,4532,0.0,0.009999999999999992,16,64,949
404,2,"[-0.35898, -0.42342, -0.94385, -0.81495, 0.097, 0.214, -0.68467, 0.8, 1.0, -0.0892]",2866,1214,12.0,4554,0.0,0.009999999999999992,16,59,946
405,2,"[-0.35799, -0.42264, -0.9474, -0.8181, 0.10212, 0.195, -0.70233, 0.8, 1.0, -0.0838]",2916,1195,12.0,4581,0.0,0.009999999999999992,16,53,893
406,2,"[-0.35682, -0.419, -0.94575, -0.8214, 0.10776, 0.174, -0.68833, 0.8, 1.0, -0.0772]",2865,1174,12.0,4614,0.0,0.009999999999999992,16,50,935
407,2,"[-0.35828, -0.42131, -0.9435, -0.81745, 0.10088, 0.195, -0.68933, 0.8, 1.0, -0.0874]",2898,1195,12.0,4563,0.0,0.009999999999999992,16,66,932
408,2,"[-0.36062, -0.42927, -0.94445, -0.80715, 0.08592, 0.261, -0.70367, 0.8, 1.0, -0.0946]",2902,1261,12.0,4527,0.0,0.009999999999999992,16,74,889
409,2,"[-0.35869, -0.42164, -0.9454, -0.8195, 0.10212, 0.178, -0.712, 0.8, 1.0, -0.0962]",2971,1178,12.0,4519,0.0,0.009999999999999992,16,76,864
410,2,"[-0.36009, -0.42451, -0.94555, -0.8167, 0.09652, 0.199, -0.706, 0.8, 1.0, -0.1046]",2993,1199,12.0,4477,0.0,0.009999999999999992,16,69,882
411,2,"[-0.36178, -0.42755, -0.94395, -0.8124, 0.08884, 0.228, -0.69433, 0.8, 1.0, -0.1142]",2984,1228,12.0,4429,0.0,0.009999999999999992,16,68,917
412,2,"[-0.35891, -0.41886, -0.9456, -0.8257, 0.10788, 0.143, -0.69433, 0.8, 1.0, -0.1062]",2997,1143,12.0,4469,0.0,0.009999999999999992,16,57,917
413,2,"[-0.35737, -0.41562, -0.9468, -0.8303, 0.11556, 0.114, -0.69733, 0.8, 1.0, -0.0978]",3012,1114,12.0,4511,0.0,0.009999999999999992,16,52,908
414,2,"[-0.35583, -0.41209, -0.94725, -0.83475, 0.12308, 0.083, -0.70433, 0.8, 1.0, -0.0904]",3050,1083,12.0,4548,0.0,0.009999999999999992,16,56,887
415,2,"[-0.3554, -0.41322, -0.9478, -0.83215, 0.12136, 0.099, -0.712, 0.8, 1.0, -0.0822]",3056,1099,12.0,4589,0.0,0.009999999999999992,16,60,864
416,2,"[-0.35824, -0.42397, -0.9443, -0.81285, 0.09636, 0.224, -0.69967, 0.8, 1.0, -0.08]",2881,1224,12.0,4600,0.0,0.009999999999999992,16,71,901
417,2,"[-0.3575, -0.42162, -0.94385, -0.8156, 0.1006, 0.209, -0.68667, 0.8, 1.0, -0.0758]",2806,1209,12.0,4621,0.0,0.009999999999999992,16,61,940
418,2,"[-0.35825, -0.42266, -0.94435, -0.81555, 0.09904, 0.212, -0.682, 0.8, 1.0, -0.0822]",2802,1212,12.0,4589,0.0,0.009999999999999992,16,53,954
419,2,"[-0.3574, -0.4196, -0.9448, -0.8204, 0.1056, 0.176, -0.696, 0.8, 1.0, -0.0832]",2860,1176,12.0,4584,0.0,0.009999999999999992,16,64,912
420,2,"[-0.35591, -0.41194, -0.9496, -0.83755, 0.12572, 0.063, -0.724, 0.8, 1.0, -0.0964]",3145,1063,12.0,4518,0.0,0.009999999999999992,16,60,828
421,2,"[-0.35721, -0.41771, -0.9479, -0.8269, 0.11248, 0.134, -0.71267, 0.8, 1.0, -0.0916]",3066,1134,12.0,4542,0.0,0.009999999999999992,16,60,862
422,2,"[-0.35833, -0.42118, -0.94525, -0.81955, 0.10288, 0.182, -0.698, 0.8, 1.0, -0.091]",2959,1182,12.0,4545,0.0,0.009999999999999992,16,63,906
423,2,"[-0.3592, -0.42358, -0.9402, -0.81145, 0.09304, 0.236, -0.66433, 0.8, 1.0, -0.0862]",2798,1236,12.0,4569,0.0,0.009999999999999992,16,63,1007
424,2,"[-0.36078, -0.42918, -0.94125, -0.80445, 0.08288, 0.284, -0.66733, 0.8, 1.0, -0.0898]",2710,1284,12.0,4551,0.0,0.009999999999999992,16,59,998
425,2,"[-0.35877, -0.42087, -0.9461, -0.8219, 0.10436, 0.167, -0.70167, 0.8, 1.0, -0.099]",2957,1167,12.0,4505,0.0,0.009999999999999992,16,61,895
426,2,"[-0.35708, -0.41531, -0.9497, -0.83325, 0.11908, 0.093, -0.72067, 0.8, 1.0, -0.1004]",3133,1093,12.0,4498,0.0,0.009999999999999992,16,56,838
427,2,"[-0.35926, -0.42131, -0.9481, -0.824, 0.10548, 0.152, -0.718, 0.8, 1.0, -0.1078]",3119,1152,12.0,4461,0.0,0.009999999999999992,16,64,846
428,2,"[-0.35664, -0.41331, -0.9441, -0.83075, 0.11748, 0.103, -0.70333, 0.8, 1.0, -0.0944]",3056,1103,12.0,4528,0.0,0.009999999999999992,16,76,890
429,2,"[-0.35538, -0.41088, -0.9408, -0.8298, 0.11904, 0.111, -0.67633, 0.8, 1.0, -0.0796]",2882,1111,12.0,4602,0.0,0.009999999999999992,16,71,971
430,2,"[-0.35896, -0.42413, -0.9421, -0.81175, 0.09384, 0.233, -0.68, 0.8, 1.0, -0.0846]",2803,1233,12.0,4577,0.0,0.009999999999999992,16,66,960
431,2,"[-0.35746, -0.41773, -0.9467, -0.82615, 0.11124, 0.144, -0.68967, 0.8, 1.0, -0.0908]",2938,1144,12.0,4546,0.0,0.009999999999999992,16,45,931
432,2,"[-0.35864, -0.42122, -0.94875, -0.8236, 0.10632, 0.161, -0.70333, 0.8, 1.0, -0.0984]",3016,1161,12.0,4508,0.0,0.009999999999999992,16,45,890
433,2,"[-0.35949, -0.42162, -0.9488, -0.82455, 0.10556, 0.153, -0.70867, 0.8, 1.0, -0.1092]",3097,1153,12.0,4454,0.0,0.009999999999999992,16,50,874
434,2,"[-0.35911, -0.42171, -0.94495, -0.81975, 0.10152, 0.18, -0.698, 0.8, 1.0, -0.0994]",2994,1180,12.0,4503,0.0,0.009999999999999992,16,65,906
435,2,"[-0.35877, -0.42034, -0.9426, -0.81945, 0.10192, 0.183, -0.67933, 0.8, 1.0, -0.095]",2920,1183,12.0,4525,0.0,0.009999999999999992,16,62,962
436,2,"[-0.35779, -0.41712, -0.942, -0.82335, 0.10776, 0.157, -0.67533, 0.8, 1.0, -0.0918]",2877,1157,12.0,4541,0.0,0.009999999999999992,16,62,974
437,2,"[-0.35872, -0.42272, -0.9436, -0.8156, 0.09816, 0.204, -0.7, 0.8, 1.0, -0.09]",2871,1204,12.0,4550,0.0,0.009999999999999992,16,76,900
438,2,"[-0.36001, -0.42658, -0.9448, -0.81165, 0.09164, 0.229, -0.712, 0.8, 1.0, -0.0968]",2940,1229,12.0,4516,0.0,0.009999999999999992,16,80,864
439,2,"[-0.35929, -0.42327, -0.9449, -0.81695, 0.09836, 0.194, -0.71167, 0.8, 1.0, -0.0984]",2964,1194,12.0,4508,0.0,0.009999999999999992,16,79,865
440,2,"[-0.35723, -0.41761, -0.94585, -0.8251, 0.11064, 0.144, -0.705, 0.8, 1.0, -0.0896]",2988,1144,12.0,4552,0.0,0.009999999999999992,16,66,885
441,2,"[-0.35762, -0.42042, -0.94505, -0.81945, 0.1042, 0.182, -0.69867, 0.8, 1.0, -0.084]",2913,1182,12.0,4580,0.0,0.009999999999999992,16,65,904
442,2,"[-0.35852, -0.423, -0.949, -0.82005, 0.103, 0.185, -0.704, 0.8, 1.0, -0.0912]",2996,1185,12.0,4544,0.0,0.009999999999999992,16,44,888
443,2,"[-0.36173, -0.43148, -0.9456, -0.8061, 0.08264, 0.275, -0.69033, 0.8, 1.0, -0.1012]",2913,1275,12.0,4494,0.0,0.009999999999999992,16,53,929
444,2,"[-0.36048, -0.42723, -0.9447, -0.8112, 0.09024, 0.237, -0.69633, 0.8, 1.0, -0.0988]",2904,1237,12.0,4506,0.0,0.009999999999999992,16,65,911
445,2,"[-0.3557, -0.41385, -0.94905, -0.83275, 0.12136, 0.094, -0.72333, 0.8, 1.0, -0.0866]",3032,1094,12.0,4567,0.0,0.009999999999999992,16,63,830
446,2,"[-0.35513, -0.41363, -0.9495, -0.8325, 0.12224, 0.098, -0.71933, 0.8, 1.0, -0.0796]",3039,1098,12.0,4602,0.0,0.009999999999999992,16,56,842
447,2,"[-0.35826, -0.42244, -0.94815, -0.8198, 0.10328, 0.182, -0.71233, 0.8, 1.0, -0.09]",3024,1182,12.0,4550,0.0,0.009999999999999992,16,58,863
448,2,"[-0.35965, -0.42775, -0.94595, -0.80975, 0.09044, 0.252, -0.68867, 0.8, 1.0, -0.086]",2827,1252,12.0,4570,0.0,0.009999999999999992,16,49,934
449,2,"[-0.35959, -0.42907, -0.94325, -0.8043, 0.08512, 0.283, -0.68667, 0.8, 1.0, -0.0784]",2730,1283,12.0,4608,0.0,0.009999999999999992,16,65,940
450,2,"[-0.35649, -0.41772, -0.94615, -0.8237, 0.11072, 0.157, -0.696, 0.8, 1.0, -0.0784]",2896,1157,12.0,4608,0.0,0.009999999999999992,16,55,912
451,2,"[-0.35947, -0.42542, -0.946, -0.8141, 0.09516, 0.22, -0.698, 0.8, 1.0, -0.0926]",2898,1220,12.0,4537,0.0,0.009999999999999992,16,58,906
452,2,"[-0.36087, -0.42844, -0.94885, -0.8137, 0.09196, 0.221, -0.722, 0.8, 1.0, -0.1066]",3048,1221,12.0,4467,0.0,0.009999999999999992,16,63,834
453,2,"[-0.3586, -0.42015, -0.9499, -0.8268, 0.1096, 0.138, -0.716, 0.8, 1.0, -0.104]",3122,1138,12.0,4480,0.0,0.009999999999999992,16,50,852
454,2,"[-0.35859, -0.42041, -0.94435, -0.8207, 0.10352, 0.175, -0.69, 0.8, 1.0, -0.0952]",2976,1175,12.0,4524,0.0,0.009999999999999992,16,61,930
455,2,"[-0.35973, -0.42538, -0.94615, -0.81485, 0.0954, 0.215, -0.699, 0.8, 1.0, -0.0964]",2920,1215,12.0,4518,0.0,0.009999999999999992,16,58,903
456,2,"[-0.35818, -0.42033, -0.9453, -0.821, 0.10464, 0.171, -0.70233, 0.8, 1.0, -0.0924]",2929,1171,12.0,4538,0.0,0.009999999999999992,16,67,893
457,2,"[-0.35581, -0.41414, -0.94815, -0.8315, 0.11988, 0.104, -0.71233, 0.8, 1.0, -0.085]",2976,1104,12.0,4575,0.0,0.009999999999999992,16,58,863
458,2,"[-0.35522, -0.41357, -0.9497, -0.833, 0.12256, 0.096, -0.71667, 0.8, 1.0, -0.0808]",3012,1096,12.0,4596,0.0,0.009999999999999992,16,52,850
459,2,"[-0.35835, -0.42311, -0.94825, -0.81875, 0.10204, 0.187, -0.719, 0.8, 1.0, -0.09]",3017,1187,12.0,4550,0.0,0.009999999999999992,16,64,843
460,2,"[-0.36079, -0.42929, -0.9459, -0.8089, 0.08732, 0.254, -0.69933, 0.8, 1.0, -0.0974]",2919,1254,12.0,4513,0.0,0.009999999999999992,16,60,902
461,2,"[-0.35865, -0.4219, -0.9452, -0.8187, 0.1014, 0.191, -0.68767, 0.8, 1.0, -0.0914]",2908,1191,12.0,4543,0.0,0.009999999999999992,16,53,937
462,2,"[-0.35901, -0.42358, -0.94845, -0.8193, 0.10128, 0.191, -0.69733, 0.8, 1.0, -0.0944]",2914,1191,12.0,4528,0.0,0.009999999999999992,16,41,908
463,2,"[-0.35923, -0.42318, -0.9492, -0.8213, 0.10284, 0.175, -0.71033, 0.8, 1.0, -0.101]",3048,1175,12.0,4495,0.0,0.009999999999999992,16,49,869
464,2,"[-0.35895, -0.42032, -0.94845, -0.8257, 0.1078, 0.146, -0.70433, 0.8, 1.0, -0.1054]",3096,1146,12.0,4473,0.0,0.009999999999999992,16,48,887
465,2,"[-0.35716, -0.41478, -0.94745, -0.8322, 0.11788, 0.102, -0.69967, 0.8, 1.0, -0.0986]",3095,1102,12.0,4507,0.0,0.009999999999999992,16,50,901
466,2,"[-0.35949, -0.42362, -0.94375, -0.8155, 0.09652, 0.211, -0.682, 0.8, 1.0, -0.095]",2912,1211,12.0,4525,0.0,0.009999999999999992,16,57,954
467,2,"[-0.36095, -0.42915, -0.9433, -0.8069, 0.085, 0.267, -0.683, 0.8, 1.0, -0.0958]",2843,1267,12.0,4521,0.0,0.009999999999999992,16,61,951
468,2,"[-0.36155, -0.4285, -0.94415, -0.81025, 0.08716, 0.246, -0.68467, 0.8, 1.0, -0.1068]",2907,1246,12.0,4466,0.0,0.009999999999999992,16,57,946
469,2,"[-0.35857, -0.41892, -0.9466, -0.8259, 0.10876, 0.143, -0.697, 0.8, 1.0, -0.1026]",3022,1143,12.0,4487,0.0,0.009999999999999992,16,53,909
470,2,"[-0.3594, -0.42163, -0.9485, -0.82405, 0.10524, 0.154, -0.71367, 0.8, 1.0, -0.1084]",3104,1154,12.0,4458,0.0,0.009999999999999992,16,57,859
471,2,"[-0.35946, -0.42176, -0.94715, -0.82255, 0.10364, 0.163, -0.70767, 0.8, 1.0, -0.1068]",3078,1163,12.0,4466,0.0,0.009999999999999992,16,60,877
472,2,"[-0.36224, -0.43039, -0.94455, -0.80825, 0.08376, 0.261, -0.68233, 0.8, 1.0, -0.1098]",2939,1261,12.0,4451,0.0,0.009999999999999992,16,52,953
473,2,"[-0.36066, -0.42675, -0.94335, -0.81115, 0.08984, 0.24, -0.67933, 0.8, 1.0, -0.0994]",2847,1240,12.0,4503,0.0,0.009999999999999992,16,57,962
474,2,"[-0.36001, -0.42426, -0.94455, -0.81605, 0.09604, 0.207, -0.68833, 0.8, 1.0, -0.1012]",2924,1207,12.0,4494,0.0,0.009999999999999992,16,58,935
475,2,"[-0.35923, -0.42088, -0.94915, -0.82585, 0.1074, 0.147, -0.703, 0.8, 1.0, -0.1076]",3050,1147,12.0,4462,0.0,0.009999999999999992,16,42,891
476,2,"[-0.35898, -0.41799, -0.94805, -0.83005, 0.11208, 0.116, -0.70467, 0.8, 1.0, -0.1134]",3113,1116,12.0,4433,0.0,0.009999999999999992,16,51,886
477,2,"[-0.35941, -0.42034, -0.9458, -0.82395, 0.10512, 0.156, -0.69167, 0.8, 1.0, -0.1078]",3056,1156,12.0,4461,0.0,0.009999999999999992,16,53,925
478,2,"[-0.35912, -0.4206, -0.945, -0.82205, 0.1038, 0.168, -0.68833, 0.8, 1.0, -0.102]",2987,1168,12.0,4490,0.0,0.009999999999999992,16,55,935
479,2,"[-0.36123, -0.42715, -0.9429, -0.81105, 0.0886, 0.242, -0.67233, 0.8, 1.0, -0.1044]",2906,1242,12.0,4478,0.0,0.009999999999999992,16,53,983
480,2,"[-0.36221, -0.43298, -0.9458, -0.80425, 0.07984, 0.288, -0.68967, 0.8, 1.0, -0.1026]",2825,1288,12.0,4487,0.0,0.009999999999999992,16,51,931
481,2,"[-0.36099, -0.42696, -0.9454, -0.81345, 0.09148, 0.222, -0.701, 0.8, 1.0, -0.1076]",2951,1222,12.0,4462,0.0,0.009999999999999992,16,65,897
482,2,"[-0.36071, -0.42393, -0.94775, -0.8213, 0.09988, 0.174, -0.70367, 0.8, 1.0, -0.1162]",3077,1174,12.0,4419,0.0,0.009999999999999992,16,52,889
483,2,"[-0.35913, -0.4199, -0.9494, -0.82785, 0.1096, 0.132, -0.70967, 0.8, 1.0, -0.1106]",3103,1132,12.0,4447,0.0,0.009999999999999992,16,47,871
484,2,"[-0.35783, -0.4169, -0.951, -0.83285, 0.1172, 0.098, -0.72233, 0.8, 1.0, -0.1062]",3180,1098,12.0,4469,0.0,0.009999999999999992,16,49,833
485,2,"[-0.3585, -0.41857, -0.9485, -0.82835, 0.11136, 0.13, -0.69967, 0.8, 1.0, -0.1046]",3091,1130,12.0,4477,0.0,0.009999999999999992,16,43,901
486,2,"[-0.35987, -0.42454, -0.94545, -0.8161, 0.09636, 0.211, -0.68133, 0.8, 1.0, -0.0982]",2940,1211,12.0,4509,0.0,0.009999999999999992,16,45,956
487,2,"[-0.35906, -0.42301, -0.94625, -0.81835, 0.10024, 0.195, -0.68967, 0.8, 1.0, -0.0942]",2903,1195,12.0,4529,0.0,0.009999999999999992,16,48,931
488,2,"[-0.35676, -0.41604, -0.9476, -0.82905, 0.11552, 0.126, -0.69167, 0.8, 1.0, -0.0882]",2990,1126,12.0,4559,0.0,0.009999999999999992,16,41,925
489,2,"[-0.35942, -0.42454, -0.94565, -0.8154, 0.09656, 0.208, -0.70567, 0.8, 1.0, -0.0956]",2980,1208,12.0,4522,0.0,0.009999999999999992,16,68,883
490,2,"[-0.35889, -0.42267, -0.9453, -0.81775, 0.09996, 0.191, -0.70733, 0.8, 1.0, -0.0948]",2958,1191,12.0,4526,0.0,0.009999999999999992,16,72,878
491,2,"[-0.35617, -0.41459, -0.9499, -0.83305, 0.12072, 0.098, -0.711, 0.8, 1.0, -0.0894]",3071,1098,12.0,4553,0.0,0.009999999999999992,16,45,867
492,2,"[-0.35757, -0.42179, -0.9485, -0.82005, 0.10492, 0.185, -0.70067, 0.8, 1.0, -0.0816]",2963,1185,12.0,4592,0.0,0.009999999999999992,16,44,898
493,2,"[-0.3588, -0.4242, -0.94665, -0.81585, 0.09824, 0.21, -0.69733, 0.8, 1.0, -0.0882]",2942,1210,12.0,4559,0.0,0.009999999999999992,16,53,908
494,2,"[-0.35867, -0.42151, -0.94835, -0.82265, 0.10532, 0.168, -0.69867, 0.8, 1.0, -0.0968]",2990,1168,12.0,4516,0.0,0.009999999999999992,16,43,904
495,2,"[-0.35869, -0.42071, -0.94735, -0.8233, 0.10592, 0.162, -0.697, 0.8, 1.0, -0.0988]",3007,1162,12.0,4506,0.0,0.009999999999999992,16,48,909
496,2,"[-0.35935, -0.42292, -0.94905, -0.8219, 0.1032, 0.171, -0.70933, 0.8, 1.0, -0.1032]",3050,1171,12.0,4484,0.0,0.009999999999999992,16,49,872
497,2,"[-0.35783, -0.41755, -0.9479, -0.82845, 0.1128, 0.126, -0.70567, 0.8, 1.0, -0.0994]",3081,1126,12.0,4503,0.0,0.009999999999999992,16,53,883
498,2,"[-0.35834, -0.42088, -0.94545, -0.82035, 0.10368, 0.18, -0.68933, 0.8, 1.0, -0.091]",2944,1180,12.0,4545,0.0,0.009999999999999992,16,53,932
499,2,"[-0.36001, -0.42622, -0.94455, -0.81215, 0.09212, 0.235, -0.68233, 0.8, 1.0, -0.094]",2881,1235,12.0,4530,0.0,0.009999999999999992,16,52,953
